City,UpdateTimePHT,TrafficIndexLive,JamsDelayMins,JamsLengthInKms,TravelTimeLivePer10KmsMins,TravelTimeHistoricPer10KmsMins,CausedDelayMins
manila,2025-01-13 12:01:00.000,62.0,25.183333333333334,216.4,26.6805564154374,25.77592639212298,0.904630023314418
manila,2025-01-13 11:01:00.000,65.0,25.041666666666668,232.9,26.9532188265598,26.17529756651808,0.7779212600417225
manila,2025-01-13 10:01:00.000,64.0,21.06,199.4,26.77473731553093,26.27876448269378,0.4959728328371504
manila,2025-01-13 09:01:05.797,73.0,20.351666666666667,188.4,28.62271878764463,27.892404629803025,0.7303141578416046
manila,2025-01-13 08:01:04.910,85.0,27.983333333333334,254.5,30.54598048215292,29.22040533059347,1.3255751515594485
manila,2025-01-13 07:46:00.001,83.0,27.81833333333333,254.2,30.129558915782425,29.06184661738548,1.0677122983969485
manila,2025-01-13 07:16:00.000,76.0,25.315,221.7,28.820304597457312,27.776875648800864,1.043428948656448
manila,2025-01-13 06:46:30.000,68.0,22.206666666666667,195.1,27.14053173829017,25.62273194454834,1.5177997937418295
manila,2025-01-13 05:46:30.000,38.0,8.593333333333334,76.4,21.413853033874783,20.36609984739152,1.0477531864832663
manila,2025-01-13 04:46:30.001,13.0,1.9666666666666666,12.1,16.868029319528347,16.27784187590275,0.5901874436255952
manila,2025-01-13 03:31:30.000,6.0,1.3833333333333333,11.1,16.32132001070388,15.4866162746966,0.8347037360072775
manila,2025-01-13 02:01:30.000,6.0,1.12,8.6,16.507918359312153,15.81720841555324,0.6907099437589128
manila,2025-01-13 01:01:30.000,10.0,1.4133333333333333,12.5,17.305531580693405,16.381056783231106,0.9244747974622988
manila,2025-01-13 00:01:30.002,17.0,1.2233333333333334,10.8,18.40433258282375,17.534440106451544,0.869892476372204
manila,2025-01-12 23:01:00.000,35.0,3.6633333333333336,24.6,21.585623514771456,19.797613993590243,1.7880095211812126
manila,2025-01-12 22:01:00.000,46.0,6.1850000000000005,53.4,23.656179630775497,22.234885257661418,1.4212943731140797
manila,2025-01-12 21:31:00.000,47.0,6.381666666666666,73.7,23.70665902515293,22.588515579416374,1.1181434457365569
manila,2025-01-12 20:01:00.001,51.0,8.006666666666666,90.9,24.39280138423165,23.836852141945364,0.5559492422862817
manila,2025-01-12 19:01:16.537,62.0,14.943333333333333,149.4,26.196626839334787,25.35522847302456,0.84139836631023
manila,2025-01-12 18:15:52.972,65.0,20.133333333333333,216.9,26.81262272719421,25.870293233653435,0.9423294935407752
manila,2025-01-12 18:00:47.209,63.0,20.51833333333333,212.7,26.451205127530653,25.836705199795308,0.6144999277353449
manila,2025-01-12 17:01:10.400,62.0,20.028333333333332,181.9,26.334351046888152,25.25477508155295,1.0795759653352022
manila,2025-01-12 16:31:00.936,63.0,19.745,189.1,26.45678487299168,25.025973495225934,1.430811377765746
manila,2025-01-12 15:46:00.000,62.0,19.986666666666668,168.0,26.55482375871271,24.949337391481983,1.605486367230725
manila,2025-01-12 14:46:03.464,56.0,18.45,146.6,25.551930857927506,23.95399223275365,1.5979386251738532
manila,2025-01-12 13:46:00.000,51.0,14.391666666666667,110.2,24.648782712990865,22.84265915929838,1.806123553692487
manila,2025-01-12 12:31:02.987,49.0,13.736666666666668,90.6,24.266983989382148,22.5988876543758,1.6680963350063536
manila,2025-01-12 11:46:00.568,46.0,13.104999999999999,101.9,23.56717030175989,22.222090493085226,1.3450798086746725
manila,2025-01-12 10:46:01.236,39.0,11.303333333333335,97.7,22.19754204976793,21.57473956393927,0.6228024858286609
manila,2025-01-12 10:01:00.000,34.0,8.971666666666666,76.7,21.32679212401948,20.820731688772888,0.5060604352465887
manila,2025-01-12 09:46:00.000,31.0,8.115,75.8,20.93485696510633,20.535968096488823,0.398888868617508
manila,2025-01-12 08:46:00.001,24.0,5.39,46.4,19.64155602485469,19.209307761859208,0.4322482629954827
manila,2025-01-12 07:01:30.000,19.0,3.4616666666666664,15.9,18.63995181587295,17.448924280247894,1.1910275356250573
manila,2025-01-12 06:31:30.197,22.0,5.075,20.6,19.05838632510484,17.16075156332757,1.8976347617772724
manila,2025-01-12 05:46:30.000,15.0,2.478333333333333,13.8,17.7062050213736,16.582732407747155,1.1234726136264437
manila,2025-01-12 04:46:30.000,5.0,0.5866666666666667,3.7,16.380626118566163,16.256026535522338,0.1245995830438246
manila,2025-01-12 03:01:30.001,4.0,0.31666666666666665,2.2,16.451166916543134,16.250315458748815,0.2008514577943181
manila,2025-01-12 02:01:30.001,8.0,0.455,3.5,17.353676480071552,17.06709074688145,0.2865857331901011
manila,2025-01-12 01:01:30.001,16.0,1.8666666666666667,11.7,18.49634450094069,17.591896633482833,0.9044478674578612
manila,2025-01-12 00:01:00.000,24.0,1.6,14.1,19.95343257695056,19.47263513217669,0.4807974447738665
manila,2025-01-11 23:01:00.000,44.0,6.233333333333333,46.6,23.540232725961697,22.12988776325353,1.4103449627081623
manila,2025-01-11 22:31:00.000,47.0,8.595,69.5,24.092246372978376,23.34640027747762,0.745846095500756
manila,2025-01-11 21:01:00.000,46.0,5.753333333333333,53.9,23.91520805146597,24.322091712693265,-0.4068836612272903
manila,2025-01-11 20:01:00.000,59.0,12.903333333333334,125.1,26.191300965604395,26.48783727601996,-0.2965363104155578
manila,2025-01-11 19:00:31.751,84.0,30.25,285.0,30.3716724229322,29.881956682745653,0.489715740186547
manila,2025-01-11 18:00:42.985,95.0,46.07166666666667,419.6,32.22567061510065,31.433658609910744,0.7920120051899033
manila,2025-01-11 17:45:50.158,95.0,46.843333333333334,419.0,32.1094365050272,31.520711063339885,0.5887254416873127
manila,2025-01-11 16:30:38.207,94.0,44.69166666666667,411.6,31.916722188015623,30.9760465785557,0.9406756094599268
manila,2025-01-11 15:45:42.923,92.0,43.211666666666666,381.9,31.48017761367076,30.211803184240296,1.2683744294304624
manila,2025-01-11 14:46:10.976,85.0,39.958333333333336,361.1,30.45361177929185,29.285755884441404,1.167855894850451
manila,2025-01-11 13:45:45.913,76.0,30.935,282.3,28.958153349319,28.16917699018046,0.788976359138541
manila,2025-01-11 13:31:08.282,74.0,27.846666666666668,255.9,28.58293416832532,27.93643549941344,0.6464986689118746
manila,2025-01-11 12:00:37.024,76.0,30.48166666666667,290.9,28.58799774535504,27.202271966356683,1.3857257789983528
manila,2025-01-11 11:31:15.707,76.0,33.21666666666667,328.4,28.6061776985124,27.21609889614817,1.3900788023642257
manila,2025-01-11 10:46:00.000,70.0,30.313333333333333,277.5,27.462181585244924,26.39373719665414,1.068444388590784
manila,2025-01-11 09:46:01.423,54.0,20.673333333333336,212.0,24.757470284050168,24.199750730559984,0.557719553490184
manila,2025-01-11 08:46:00.000,39.0,9.05,86.9,22.200188104210525,22.11178806458525,0.0884000396252702
manila,2025-01-11 07:46:00.000,29.0,4.13,39.2,20.23707671755894,20.279766166208063,-0.0426894486491242
manila,2025-01-11 06:46:30.001,22.0,2.065,16.5,18.65510692463389,18.453490759522296,0.201616165111595
manila,2025-01-11 05:46:30.000,16.0,1.755,13.1,17.635646788365687,17.272650518296096,0.3629962700695905
manila,2025-01-11 05:16:30.000,11.0,1.87,10.1,16.91448082634754,16.756415646046165,0.1580651803013744
manila,2025-01-11 04:46:30.000,8.0,1.4033333333333333,7.3,16.514669147675917,16.40170161643891,0.1129675312370075
manila,2025-01-11 03:01:30.000,7.0,1.8733333333333335,9.1,16.850031626284775,16.357068609767868,0.4929630165169065
manila,2025-01-11 02:01:30.001,10.0,2.0116666666666667,12.5,17.480531383540757,17.045986411513137,0.43454497202762
manila,2025-01-11 01:01:30.001,16.0,1.9733333333333334,14.4,18.75566658053257,17.89220176203669,0.8634648184958742
manila,2025-01-11 00:01:00.000,28.0,4.09,27.5,20.82593150488076,20.14876954422473,0.6771619606560257
manila,2025-01-10 23:01:00.165,51.0,7.8933333333333335,68.1,24.58523323155594,22.84555199891844,1.7396812326375013
manila,2025-01-10 22:01:00.001,61.0,11.238333333333333,90.0,26.38835625545576,25.4380709640102,0.9502852914455672
manila,2025-01-10 21:01:00.001,71.0,13.783333333333333,122.3,28.31143655777432,27.14246088678753,1.1689756709867891
manila,2025-01-10 20:00:43.228,94.0,25.305,237.5,32.425074820187724,30.634866175607407,1.7902086445803178
manila,2025-01-10 19:00:13.974,126.0,52.98166666666667,461.0,37.931128089183446,34.92683263597713,3.0042954532063177
manila,2025-01-10 18:30:16.708,131.0,71.86166666666666,607.8,38.77659519247308,35.7257843090991,3.050810883373984
manila,2025-01-10 17:59:43.254,128.0,76.85333333333332,636.7,38.30042841681662,35.68841439235465,2.6120140244619705
manila,2025-01-10 17:30:14.847,120.0,72.57333333333332,644.9,36.953749700366735,34.96739942890344,1.9863502714632943
manila,2025-01-10 16:45:45.583,114.0,63.53333333333333,562.8,35.904568317928344,33.56650620831667,2.338062109611677
manila,2025-01-10 15:45:58.424,104.0,56.473333333333336,490.5,34.29697511533363,32.06723046136119,2.229744653972439
manila,2025-01-10 14:46:03.537,95.0,52.998333333333335,464.3,32.62196954671354,30.545026663106,2.0769428836075434
manila,2025-01-10 13:46:00.000,79.0,37.40833333333333,338.6,29.76987452920817,28.71014789647081,1.059726632737359
manila,2025-01-10 12:16:06.713,81.0,41.309999999999995,370.9,29.786321145749504,27.99285019969474,1.7934709460547644
manila,2025-01-10 11:16:00.000,80.0,38.391666666666666,360.0,29.433721928316324,28.0712071954896,1.3625147328267246
manila,2025-01-10 10:46:00.000,77.0,35.934999999999995,343.4,29.06676088276906,27.78233219888932,1.2844286838797458
manila,2025-01-10 09:01:03.538,66.0,18.535,193.4,27.47751177100782,26.91856286440707,0.5589489066007509
manila,2025-01-10 08:01:00.000,73.0,21.256666666666668,205.2,28.747531809436893,27.314105670829715,1.433426138607178
manila,2025-01-10 07:46:00.000,70.0,20.355,193.5,28.30874393502384,26.9706405020992,1.3381034329246475
manila,2025-01-10 06:46:30.000,53.0,13.678333333333335,138.1,25.061549959218404,23.86314471043961,1.1984052487787975
manila,2025-01-10 05:46:30.000,28.0,4.056666666666667,39.7,19.949237960835383,19.44391794674012,0.5053200140952647
manila,2025-01-10 04:46:30.001,9.0,1.5316666666666667,16.2,16.547664300844037,16.489931803126222,0.057732497717815
manila,2025-01-10 03:01:30.000,4.0,0.8033333333333333,6.6,16.323271115104138,16.045840538437158,0.2774305766669798
manila,2025-01-10 02:01:30.000,6.0,0.9466666666666667,10.8,16.789087999875406,16.46796208793259,0.3211259119428149
manila,2025-01-10 01:01:30.000,10.0,0.9333333333333333,7.4,17.3599435551763,16.846282776189636,0.5136607789866652
manila,2025-01-10 00:01:30.000,15.0,1.2466666666666666,7.9,18.383572959221915,18.28985700828624,0.0937159509356746
manila,2025-01-09 23:01:00.000,27.0,1.8,13.3,20.66286717755886,20.86630847416523,-0.2034412966063712
manila,2025-01-09 22:01:00.000,38.0,2.23,18.6,22.66660565879702,23.740256920590536,-1.0736512617935148
manila,2025-01-09 21:01:30.000,46.0,5.2733333333333325,46.9,23.82343630679354,25.469600284360546,-1.646163977567003
manila,2025-01-09 20:01:04.439,61.0,11.96,110.7,26.5419808818905,28.82609691401825,-2.284116032127759
manila,2025-01-09 19:01:01.024,95.0,27.58833333333333,270.3,32.322237603019765,33.65524467773172,-1.3330070747119578
manila,2025-01-09 18:15:37.493,102.0,43.39333333333333,430.2,33.554562213293906,34.64377920265371,-1.0892169893598052
manila,2025-01-09 17:45:42.598,99.0,45.223333333333336,419.7,33.00881588791607,34.04284683382946,-1.0340309459133863
manila,2025-01-09 16:46:18.585,91.0,38.235,379.0,31.6427333981558,31.97758159210376,-0.3348481939479555
manila,2025-01-09 15:46:00.001,84.0,32.275,306.2,30.465081531566103,30.140744629731028,0.3243369018350748
manila,2025-01-09 14:46:00.000,79.0,32.36333333333333,319.6,29.50463263909957,28.695370699591027,0.8092619395085414
manila,2025-01-09 13:46:00.000,68.0,20.58833333333333,218.3,27.73534488567953,27.367267718868163,0.3680771668113713
manila,2025-01-09 12:01:00.000,72.0,30.433333333333334,285.9,28.09822176612216,27.632289358223183,0.4659324078989719
manila,2025-01-09 11:01:02.244,73.0,27.05,270.5,28.22964916069558,28.11462877836664,0.115020382328943
manila,2025-01-09 10:46:00.000,73.0,27.035,269.7,28.045761824397264,28.02386539316464,0.0218964312326299
manila,2025-01-09 09:01:00.001,71.0,18.383333333333333,177.8,28.122187231112846,28.92665085089943,-0.8044636197865849
manila,2025-01-09 08:01:00.001,78.0,24.288333333333334,223.4,29.497920898111644,29.37281215044971,0.1251087476619332
manila,2025-01-09 07:46:00.001,75.0,23.513333333333332,225.4,29.0345581614547,28.941167033829554,0.0933911276251464
manila,2025-01-09 06:46:30.000,56.0,16.233333333333334,142.7,25.310485682172377,24.847607403356577,0.4628782788158005
manila,2025-01-09 05:46:30.000,30.0,3.75,32.6,20.340910460096463,19.795989564922248,0.544920895174215
manila,2025-01-09 04:46:30.000,11.0,1.9266666666666665,12.7,17.059650277051265,16.572163106824696,0.4874871702265686
manila,2025-01-09 03:01:30.000,10.0,2.5433333333333334,15.9,17.255398898817376,16.04104295770664,1.2143559411107354
manila,2025-01-09 02:01:30.000,12.0,3.175,18.4,17.99167510628019,16.601664038861735,1.390011067418456
manila,2025-01-09 01:01:30.000,20.0,4.178333333333333,30.0,19.35246846107631,17.16995406902865,2.1825143920476613
manila,2025-01-09 00:01:30.000,27.0,6.876666666666667,39.5,20.81632859205629,18.7574855286822,2.0588430633740984
manila,2025-01-08 23:01:30.000,38.0,7.818333333333333,44.3,22.532841753131983,20.80647411674225,1.726367636389725
manila,2025-01-08 22:01:00.000,47.0,7.925,59.9,24.405774633662155,23.865767158554,0.5400074751081547
manila,2025-01-08 21:01:00.000,56.0,8.976666666666667,80.6,25.88860537483775,26.0177303510586,-0.1291249762208473
manila,2025-01-08 20:01:03.885,79.0,18.36,180.1,29.889839896227294,29.503786223110406,0.3860536731168871
manila,2025-01-08 19:00:26.413,113.0,46.27833333333333,419.8,35.7660306298697,34.11396601921891,1.6520646106507897
manila,2025-01-08 18:30:25.933,117.0,62.87,555.0,36.4515928838765,34.92319147614794,1.528401407728559
manila,2025-01-08 17:45:25.587,108.0,59.46,548.4,35.061596680519926,34.564756913099046,0.4968397674208802
manila,2025-01-08 16:46:06.790,96.0,45.55833333333333,440.4,32.99273392572032,32.52745662225429,0.4652773034660242
manila,2025-01-08 15:46:00.000,88.0,41.82166666666667,372.9,31.51024040730928,30.497281713197346,1.0129586941119335
manila,2025-01-08 14:46:00.000,81.0,40.30833333333333,370.0,30.10118756518862,29.14933436512105,0.9518532000675748
manila,2025-01-08 13:46:00.000,69.0,27.515,274.1,28.171715367146987,28.029710007864963,0.1420053592820238
manila,2025-01-08 13:01:00.000,67.0,21.543333333333333,212.1,27.633975285694067,27.47398480807668,0.1599904776173915
manila,2025-01-08 12:01:00.001,77.0,36.36666666666667,349.6,29.45638728408714,28.337972016645647,1.1184152674414918
manila,2025-01-08 11:16:00.000,79.0,35.65333333333333,338.9,29.415367403414592,28.63434334776999,0.781024055644604
manila,2025-01-08 10:46:00.000,78.0,33.9,337.2,29.394972277751435,28.821721260590635,0.5732510171607998
manila,2025-01-08 09:01:00.001,82.0,25.678333333333335,251.4,30.10194142073688,29.76978822307192,0.3321531976649687
manila,2025-01-08 08:01:05.290,85.0,29.858333333333334,279.4,31.054917787821804,30.056850318696323,0.9980674691254804
manila,2025-01-08 07:46:00.000,81.0,28.881666666666668,293.5,30.337373200232545,29.50369653260378,0.8336766676287652
manila,2025-01-08 06:46:30.000,61.0,18.404999999999998,172.0,26.463287645852706,25.36452079500077,1.0987668508519306
manila,2025-01-08 05:46:30.000,30.0,3.9916666666666667,46.1,20.46756339105488,20.18680995130852,0.280753439746352
manila,2025-01-08 05:16:30.000,16.0,1.55,15.8,18.038410367817075,18.235947741558647,-0.1975373737415715
manila,2025-01-08 04:46:30.000,8.0,0.7533333333333334,6.6,16.526459193515162,16.657208358436684,-0.1307491649215215
manila,2025-01-08 03:01:30.000,4.0,0.8450000000000001,8.0,16.191744264906948,15.861931527330098,0.3298127375768498
manila,2025-01-08 02:01:30.000,5.0,0.8166666666666667,12.0,16.57744587510389,16.319364798798933,0.2580810763049577
manila,2025-01-08 01:01:30.000,8.0,0.5700000000000001,3.8,17.341246882245855,16.88854660778087,0.4527002744649842
manila,2025-01-08 00:01:30.000,16.0,1.3,13.0,18.862577576841964,18.388838694054822,0.473738882787142
manila,2025-01-07 23:01:30.000,28.0,1.7083333333333333,15.0,21.03335078691871,20.59470630534536,0.4386444815733519
manila,2025-01-07 22:01:00.000,41.0,3.7733333333333334,31.8,23.25191488267687,23.46797647368847,-0.2160615910115986
manila,2025-01-07 21:01:00.000,55.0,6.73,61.9,25.76646042396395,26.042138449323712,-0.2756780253597632
manila,2025-01-07 20:01:00.000,81.0,18.545,178.1,30.1905160559072,29.882439117098176,0.3080769388090196
manila,2025-01-07 19:00:46.654,113.0,46.515,401.2,35.86274948628636,34.420983378591046,1.4417661076953152
manila,2025-01-07 18:30:52.793,117.0,59.69833333333334,535.9,36.581649538985126,35.0730567663815,1.5085927726036277
manila,2025-01-07 17:45:48.500,111.0,61.08166666666667,578.8,35.58965411530821,34.49027600987569,1.099378105432514
manila,2025-01-07 16:46:12.239,101.0,48.24666666666667,474.4,33.800212780149906,32.10529345350586,1.6949193266440474
manila,2025-01-07 15:46:02.065,89.0,44.894999999999996,422.0,31.70522516436841,30.06642119919796,1.638803965170457
manila,2025-01-07 14:46:00.000,80.0,40.72666666666667,390.0,29.96633139020198,28.90374645226892,1.0625849379330603
manila,2025-01-07 13:46:00.000,67.0,28.945,282.4,27.721398954106768,27.57312706657116,0.1482718875356141
manila,2025-01-07 13:01:00.000,65.0,21.32,217.4,27.37725900340452,27.230767281996343,0.1464917214081786
manila,2025-01-07 12:01:04.045,74.0,37.776666666666664,341.9,28.900891503818062,28.125659294835465,0.7752322089825974
manila,2025-01-07 11:01:02.782,79.0,33.18666666666667,337.7,29.646925812046216,29.1156066876728,0.5313191243734146
manila,2025-01-07 10:46:00.000,78.0,31.413333333333334,327.4,29.51729866461057,29.21859895972812,0.2986997048824555
manila,2025-01-07 09:01:00.000,79.0,22.345000000000002,237.5,29.77714973359361,30.534183830048217,-0.7570340964546034
manila,2025-01-07 08:01:00.001,86.0,27.96833333333333,278.6,31.158579885192644,30.921786458703675,0.236793426488969
manila,2025-01-07 07:46:03.760,85.0,29.31,294.2,30.860824202405496,30.40988509136457,0.450939111040924
manila,2025-01-07 06:46:30.000,63.0,19.598333333333336,192.9,26.934784454070947,25.92691645481112,1.007867999259826
manila,2025-01-07 05:46:30.001,31.0,4.411666666666666,46.0,20.54217914769097,20.289173873158347,0.2530052745326223
manila,2025-01-07 05:16:30.000,16.0,1.0266666666666666,10.7,17.81202624334493,18.02717166861754,-0.2151454252726097
manila,2025-01-07 04:46:30.000,8.0,0.94,7.3,16.322529077043228,16.329754463462976,-0.0072253864197477
manila,2025-01-07 03:01:30.000,3.0,0.5950000000000001,6.2,16.08281608604174,15.708982953871056,0.3738331321706809
manila,2025-01-07 02:01:30.000,5.0,1.2083333333333333,4.8,16.43801122506839,15.974757517561912,0.4632537075064782
manila,2025-01-07 01:01:30.001,8.0,0.755,9.8,17.135200840884025,16.513114972281095,0.6220858686029302
manila,2025-01-07 00:01:30.000,14.0,1.2166666666666666,9.8,18.40628564760468,17.848940060445216,0.5573455871594639
manila,2025-01-06 23:01:30.071,25.0,1.8783333333333334,14.9,20.417811664919,19.648464018209623,0.7693476467093738
manila,2025-01-06 22:01:00.000,36.0,2.8866666666666663,23.4,22.322360530322896,22.041328671122685,0.2810318592002119
manila,2025-01-06 21:01:00.000,48.0,6.444999999999999,52.5,24.418519420332927,24.24951583195556,0.1690035883773717
manila,2025-01-06 20:01:00.000,72.0,13.386666666666667,137.7,28.58561940353217,27.58679802439748,0.9988213791347
manila,2025-01-06 19:00:40.588,106.0,41.495,372.9,34.64805685979961,31.883115543736395,2.764941316063215
manila,2025-01-06 18:31:00.129,111.0,56.086666666666666,519.1,35.62992287358166,32.82445099931977,2.8054718742618903
manila,2025-01-06 17:45:34.789,101.0,54.04833333333333,502.8,33.71861508973156,32.01771875904293,1.7008963306886289
manila,2025-01-06 16:46:09.871,89.0,42.71666666666667,425.8,31.806167164065947,29.995263895229563,1.810903268836384
manila,2025-01-06 15:46:00.001,76.0,35.955000000000005,341.8,29.48875806446233,28.138809234184446,1.3499488302778886
manila,2025-01-06 14:46:00.000,70.0,32.66833333333333,310.2,28.30011737731777,26.93370364451152,1.366413732806258
manila,2025-01-06 13:46:00.000,58.0,22.551666666666666,230.7,26.32721101255423,25.85005603713052,0.4771549754237156
manila,2025-01-06 13:01:01.257,56.0,18.498333333333335,183.3,25.884661669787548,25.30384712560621,0.580814544181333
manila,2025-01-06 12:01:00.000,62.0,27.055,246.9,26.846832185913417,25.76002139484597,1.0868107910674425
manila,2025-01-06 11:01:00.000,65.0,25.013333333333332,253.5,27.243396232961224,26.29701709151645,0.9463791414447726
manila,2025-01-06 10:31:00.000,65.0,23.541666666666668,241.2,27.120174654079182,26.32441677669214,0.7957578773870431
manila,2025-01-06 09:01:00.000,74.0,19.458333333333332,206.5,28.72156279055813,27.980719846052367,0.7408429445057685
manila,2025-01-06 08:01:00.001,90.0,27.701666666666664,264.1,31.59926154397603,29.47969102367139,2.119570520304641
manila,2025-01-06 07:46:04.085,89.0,28.708333333333332,279.0,31.42221863150576,29.236674942614314,2.1855436888914426
manila,2025-01-06 06:46:30.000,70.0,22.666666666666668,222.2,27.53622344024667,25.63287982792656,1.9033436123201104
manila,2025-01-06 06:01:30.000,50.0,10.043333333333333,110.1,23.34730711813192,21.630376627158142,1.7169304909737733
manila,2025-01-06 05:46:30.000,39.0,7.281666666666666,84.4,21.584971939189003,20.44859208625718,1.1363798529318243
manila,2025-01-06 04:46:30.000,9.0,0.9366666666666668,7.1,16.28482108076891,16.274813331028227,0.0100077497406836
manila,2025-01-06 03:46:30.000,3.0,0.67,5.0,15.575324700797426,15.200541771859395,0.3747829289380302
manila,2025-01-06 02:01:30.000,2.0,0.22166666666666668,3.2,16.138020868208585,15.963637285995029,0.1743835822135562
manila,2025-01-06 01:01:30.000,7.0,0.22666666666666666,2.0,16.673363222410444,16.228485321949673,0.4448779004607708
manila,2025-01-06 00:01:30.001,15.0,0.6533333333333334,4.5,18.06598756228063,17.57382365944701,0.4921639028336173
manila,2025-01-05 23:01:00.000,32.0,2.396666666666667,17.7,21.111211638051675,19.81924508906154,1.2919665489901355
manila,2025-01-05 22:01:00.000,42.0,4.235,36.7,22.907897488755204,22.21997795613842,0.6879195326167853
manila,2025-01-05 21:01:00.000,44.0,5.943333333333333,50.6,23.342252226627743,22.94244691670225,0.3998053099254903
manila,2025-01-05 20:01:02.599,51.0,8.138333333333334,77.5,24.38223194385841,23.84839195169873,0.5338399921596881
manila,2025-01-05 19:01:07.596,65.0,17.948333333333334,179.7,26.65497227854082,25.186839316428973,1.4681329621118486
manila,2025-01-05 18:15:47.343,71.0,26.90666666666667,273.4,27.59284775239521,25.628011440489253,1.9648363119059624
manila,2025-01-05 17:46:05.977,67.0,25.601666666666667,239.9,27.04131115015,25.68466552734194,1.3566456228080526
manila,2025-01-05 16:46:00.833,63.0,20.540000000000003,184.5,26.60206620306424,25.303505026924704,1.2985611761395326
manila,2025-01-05 15:46:02.228,59.0,16.83833333333333,149.6,25.88493906375457,24.72853335140793,1.156405712346647
manila,2025-01-05 14:46:00.000,51.0,14.658333333333333,120.8,24.47454536294969,23.707031241277143,0.7675141216725478
manila,2025-01-05 13:46:00.000,42.0,9.246666666666666,77.0,22.912890955849367,22.582320942406064,0.3305700134433031
manila,2025-01-05 12:01:00.000,41.0,10.985000000000001,89.7,22.648940844327555,22.14158656568592,0.5073542786416425
manila,2025-01-05 11:46:00.001,40.0,9.918333333333333,83.8,22.359900700840303,22.07901542482402,0.280885276016285
manila,2025-01-05 11:01:00.001,36.0,7.533333333333333,71.1,21.74977438894166,21.6954851024236,0.0542892865180633
manila,2025-01-05 10:46:03.640,36.0,8.101666666666667,75.3,21.6015096873678,21.457322262154403,0.1441874252133956
manila,2025-01-05 09:46:00.000,29.0,7.3983333333333325,65.7,20.25666006218349,20.23825542240669,0.0184046397768007
manila,2025-01-05 08:46:00.001,22.0,3.4033333333333333,33.2,19.06621444072537,19.067218444171026,-0.0010040034456473
manila,2025-01-05 07:46:30.001,16.0,2.1616666666666666,17.0,17.916521274537352,17.78099167665203,0.1355295978853234
manila,2025-01-05 06:46:30.000,13.0,1.845,11.1,17.215057411169564,16.814813889630166,0.400243521539398
manila,2025-01-05 05:46:30.000,10.0,0.6166666666666667,3.0,16.731690482144057,16.382477722779093,0.3492127593649634
manila,2025-01-05 04:46:30.000,4.0,0.4033333333333333,5.6,16.06475184860376,16.08459785569855,-0.0198460070947916
manila,2025-01-05 03:01:30.000,3.0,0.5016666666666667,2.8,16.23957997802175,16.148899170899252,0.0906808071224993
manila,2025-01-05 02:01:30.000,6.0,0.3383333333333333,2.7,16.667710418592584,16.700265930823154,-0.0325555122305694
manila,2025-01-05 01:01:30.000,11.0,0.6933333333333334,5.2,17.725913588802083,17.484660670481396,0.2412529183206864
manila,2025-01-05 00:01:30.000,21.0,1.6366666666666667,13.0,19.293606280437,19.247693345324347,0.0459129351126463
manila,2025-01-04 23:01:00.000,38.0,4.331666666666666,36.7,22.17189183748969,21.75318225201405,0.4187095854756428
manila,2025-01-04 22:31:00.000,42.0,6.3566666666666665,51.4,23.00655365885021,23.09346363211576,-0.086909973265552
manila,2025-01-04 21:01:00.000,42.0,4.515,43.7,22.930278336480207,23.96846637680384,-1.0381880403236323
manila,2025-01-04 20:01:00.000,53.0,8.738333333333333,96.3,24.888097229407645,26.226857110367902,-1.3387598809602608
manila,2025-01-04 19:00:43.637,72.0,20.83,229.2,27.893392936042755,29.42548362832658,-1.5320906922838269
manila,2025-01-04 18:16:02.568,81.0,31.515,342.9,29.37747833382926,30.974286692820503,-1.5968083589912467
manila,2025-01-04 17:46:08.307,79.0,32.67333333333333,345.9,29.13800965150251,31.439118447995423,-2.301108796492916
manila,2025-01-04 16:30:54.222,76.0,28.803333333333335,289.4,28.644742675068656,31.05589024748447,-2.411147572415814
manila,2025-01-04 15:46:04.054,72.0,25.48166666666667,254.4,27.96519039209464,30.367254157114616,-2.4020637650199816
manila,2025-01-04 14:45:30.001,66.0,20.413333333333334,200.6,26.848003383442304,29.315193668260804,-2.4671902848185
manila,2025-01-04 13:46:02.250,56.0,15.76,154.0,25.01955820075309,27.84160653851353,-2.8220483377604424
manila,2025-01-04 12:01:00.001,56.0,14.446666666666665,158.3,24.94246631307704,27.077942053498024,-2.13547574042099
manila,2025-01-04 11:31:01.601,56.0,15.241666666666667,170.5,24.799270271411423,26.80757987551656,-2.0083096041051363
manila,2025-01-04 10:46:03.224,54.0,16.061666666666667,181.9,24.40480041262936,25.9653106874752,-1.5605102748458464
manila,2025-01-04 09:46:00.001,45.0,10.898333333333333,120.4,22.81955548981829,23.8131409515322,-0.9935854617139056
manila,2025-01-04 08:46:00.000,35.0,5.1883333333333335,56.1,21.247780062219427,21.82272746078812,-0.5749473985686926
manila,2025-01-04 07:46:30.000,23.0,2.393333333333333,21.2,18.961738696642623,19.876362791376053,-0.91462409473343
manila,2025-01-04 06:31:30.000,17.0,1.6283333333333334,9.9,17.65615425950457,17.882245367519218,-0.2260911080146463
manila,2025-01-04 05:46:30.000,13.0,0.4533333333333333,3.6,16.94723967883071,16.999349712229066,-0.0521100333983568
manila,2025-01-04 04:46:30.000,6.0,0.4666666666666667,3.7,15.996407438861665,16.14378952275296,-0.1473820838912978
manila,2025-01-04 03:01:30.000,5.0,0.8166666666666667,4.6,16.209882118144098,16.055769763437663,0.1541123547064344
manila,2025-01-04 02:01:30.000,9.0,0.3466666666666667,5.0,17.01329313793907,16.740986727343103,0.2723064105959665
manila,2025-01-04 01:01:30.000,14.0,1.4283333333333335,11.0,18.15500596362162,17.550914702020712,0.6040912616009066
manila,2025-01-04 00:01:30.000,22.0,2.9050000000000002,18.4,19.50357846572514,19.78840945583475,-0.284830990109608
manila,2025-01-03 23:01:00.000,40.0,6.641666666666667,43.0,22.589853172663563,22.691302076535493,-0.1014489038719297
manila,2025-01-03 22:16:00.000,45.0,8.018333333333334,72.8,23.35782521583542,24.832924283674306,-1.475099067838887
manila,2025-01-03 21:01:00.000,44.0,4.115,63.4,23.35927746645077,26.837001245075744,-3.477723778624973
manila,2025-01-03 20:01:12.413,54.0,8.505,100.7,25.16384837873018,30.131079029778466,-4.967230651048283
manila,2025-01-03 19:00:23.915,76.0,20.18,214.2,28.977760964553543,34.94169538773932,-5.963934423185776
manila,2025-01-03 18:30:07.818,81.0,30.913333333333334,322.9,29.800049296530457,36.19746056461706,-6.397411268086604
manila,2025-01-03 17:45:47.073,75.0,30.798333333333336,313.7,28.79420690813102,35.86544668330646,-7.071239775175439
manila,2025-01-03 17:30:40.328,71.0,30.28166666666667,311.8,28.11762018334701,35.37512908250507,-7.257508899158054
manila,2025-01-03 16:45:51.990,67.0,23.33,237.7,27.317140835301785,33.911868067151744,-6.594727231849959
manila,2025-01-03 15:46:00.000,65.0,22.746666666666666,223.9,26.77182486569325,31.855722524922907,-5.083897659229649
manila,2025-01-03 14:46:00.000,62.0,19.685,191.3,26.44435167505446,30.30163244993929,-3.857280774884835
manila,2025-01-03 13:46:00.000,52.0,15.001666666666667,145.7,24.72131243958433,28.332470401251392,-3.6111579616670575
manila,2025-01-03 12:01:03.260,53.0,14.146666666666667,136.0,24.67180898180532,27.8790366232732,-3.207227641467877
manila,2025-01-03 11:31:00.000,54.0,15.57,163.0,24.805401020134862,27.97524016432237,-3.169839144187506
manila,2025-01-03 10:46:00.001,51.0,14.601666666666667,159.4,24.36799423770497,27.54829947413052,-3.1803052364255464
manila,2025-01-03 09:46:00.489,43.0,7.858333333333333,85.6,22.85036507245657,26.20229248714529,-3.351927414688713
manila,2025-01-03 09:31:00.000,41.0,7.388333333333334,77.4,22.69397999103933,26.209531314519733,-3.515551323480402
manila,2025-01-03 08:46:30.000,39.0,5.091666666666667,48.1,22.2873345041798,26.45345738424009,-4.166122880060293
manila,2025-01-03 07:46:00.000,36.0,4.363333333333333,38.7,21.61848032354955,26.179649344354075,-4.561169020804524
manila,2025-01-03 06:46:30.000,31.0,2.98,25.8,20.249556143390382,22.76393400628633,-2.514377862895952
manila,2025-01-03 05:46:30.001,22.0,2.2233333333333336,19.0,18.45257902647576,18.79251652023694,-0.3399374937611839
manila,2025-01-03 04:46:30.000,7.0,0.76,4.4,16.023814027884747,16.26406832025978,-0.2402542923750346
manila,2025-01-03 03:01:30.000,2.0,0.4983333333333333,9.6,15.522975077265382,15.57037662045193,-0.0474015431865471
manila,2025-01-03 02:01:30.000,2.0,0.19666666666666668,1.6,15.978814206759395,16.14471002307162,-0.1658958163122257
manila,2025-01-03 01:01:30.001,5.0,0.5883333333333333,4.0,16.519501513529853,16.65223656782448,-0.1327350542946277
manila,2025-01-03 00:01:30.000,12.0,0.7316666666666667,5.5,17.788949966065676,18.22764583134084,-0.4386958652751609
manila,2025-01-02 23:01:30.000,21.0,1.5166666666666666,9.5,19.38536217694234,20.405592007208764,-1.0202298302664232
manila,2025-01-02 22:01:30.000,30.0,0.7483333333333333,6.6,21.04394080453644,23.32007527645332,-2.27613447191688
manila,2025-01-02 21:01:00.000,34.0,1.8983333333333334,15.3,21.593102608453844,25.283345919859133,-3.6902433114052897
manila,2025-01-02 20:01:00.000,41.0,4.575,41.9,23.000475023783675,28.39310951185897,-5.392634488075295
manila,2025-01-02 19:01:06.921,61.0,12.595,131.0,26.25779766899162,33.44023902696231,-7.1824413579706885
manila,2025-01-02 18:30:36.644,67.0,19.73,204.6,27.298106041258187,34.697413127854524,-7.3993070865963375
manila,2025-01-02 17:46:05.692,63.0,19.973333333333336,218.8,26.722018604105525,34.58785727033403,-7.865838666228502
manila,2025-01-02 17:16:13.971,55.0,15.785,175.2,25.298939755669853,33.29132690363428,-7.9923871479644255
manila,2025-01-02 16:46:00.000,54.0,14.675,160.3,24.97785266844383,31.944645248131817,-6.966792579687986
manila,2025-01-02 15:46:00.000,50.0,11.843333333333334,118.4,24.29947687837162,30.07242016515505,-5.772943286783431
manila,2025-01-02 14:46:00.000,47.0,10.79,108.4,23.67546034965037,28.58582259992474,-4.910362250274368
manila,2025-01-02 13:46:00.000,40.0,9.785,81.5,22.626577206393005,27.16738299279617,-4.5408057864031655
manila,2025-01-02 12:01:00.000,38.0,7.626666666666667,80.5,22.048045415809383,27.34411117511252,-5.296065759303133
manila,2025-01-02 11:31:00.000,38.0,7.881666666666666,81.7,21.96180169396891,27.806021660926067,-5.844219966957159
manila,2025-01-02 10:46:00.000,35.0,6.366666666666666,69.9,21.41762364276814,27.81502611777754,-6.397402475009397
manila,2025-01-02 10:31:00.000,33.0,4.95,57.4,21.160098349601245,27.630025814479065,-6.469927464877816
manila,2025-01-02 09:46:00.000,29.0,2.975,34.7,20.615118783383195,27.62669935832129,-7.011580574938094
manila,2025-01-02 08:01:00.000,28.0,1.98,19.9,20.411743897097267,28.830556485610515,-8.418812588513248
manila,2025-01-02 07:46:00.000,27.0,1.99,20.9,20.16016858591488,28.301798779254028,-8.14163019333915
manila,2025-01-02 06:46:30.000,24.0,1.3016666666666665,13.2,19.009182243215296,23.80333420084325,-4.794151957627953
manila,2025-01-02 05:46:30.000,16.0,0.46166666666666667,3.0,17.323672476718492,18.91793305551709,-1.5942605787985968
manila,2025-01-02 04:46:30.000,3.0,0.16666666666666666,1.1,15.17909898399578,15.887031076142154,-0.7079320921463736
manila,2025-01-02 03:01:30.000,0.0,0.17333333333333334,0.9,14.87453909450594,15.315747617701524,-0.4412085231955842
manila,2025-01-02 02:01:30.001,0.0,0.26333333333333336,1.3,15.379847760260212,15.820043445526,-0.4401956852657882
manila,2025-01-02 01:01:30.000,4.0,0.36833333333333335,3.1,16.17223433928437,16.389714461628962,-0.2174801223445932
manila,2025-01-02 00:01:30.000,11.0,0.52,2.6,17.38751664310852,17.740175567722723,-0.3526589246142038
manila,2025-01-01 23:01:00.000,23.0,0.9033333333333334,5.9,19.336078526056333,19.88685539672198,-0.5507768706656471
manila,2025-01-01 22:01:00.000,32.0,2.0616666666666665,17.4,20.8398957037449,22.58304933358599,-1.743153629841089
manila,2025-01-01 21:01:00.001,37.0,2.671666666666667,28.3,21.46721682899077,24.55095767647927,-3.083740847488496
manila,2025-01-01 20:01:00.000,44.0,6.405,58.0,22.585612941925035,27.480350633797173,-4.8947376918721375
manila,2025-01-01 19:01:00.001,50.0,8.663333333333332,98.1,23.50442235761388,31.74721850690764,-8.242796149293756
manila,2025-01-01 18:31:01.694,52.0,11.725,123.6,23.92458498838949,33.14543169946198,-9.22084671107249
manila,2025-01-01 17:46:04.729,46.0,10.4,116.3,23.0118188711748,32.97657128493198,-9.964752413757186
manila,2025-01-01 16:46:00.000,39.0,7.035,63.6,21.84505738026565,30.667716013839147,-8.822658633573496
manila,2025-01-01 15:46:00.001,36.0,6.053333333333333,51.7,21.12521434824489,28.917918884991305,-7.792704536746413
manila,2025-01-01 14:46:00.000,30.0,3.978333333333333,27.7,20.08836531343116,27.24025726011753,-7.151891946686369
manila,2025-01-01 13:46:00.000,25.0,3.078333333333333,20.5,19.29342975182329,26.008847497748047,-6.715417745924761
manila,2025-01-01 12:46:00.000,22.0,2.3733333333333335,15.1,18.651401097992125,25.56769322278875,-6.916292124796627
manila,2025-01-01 11:46:00.001,20.0,1.6133333333333333,15.5,18.16425556064485,26.41348543939577,-8.249229878750917
manila,2025-01-01 10:46:00.000,16.0,1.6983333333333335,14.3,17.306072281420512,26.295787144035184,-8.989714862614672
manila,2025-01-01 10:31:00.000,15.0,1.2733333333333334,10.4,17.06866239480751,26.09701226733608,-9.028349872528562
manila,2025-01-01 09:46:30.000,11.0,1.0933333333333333,11.9,16.47466511979142,25.89278123999246,-9.418116120201038
manila,2025-01-01 08:46:30.000,9.0,1.1983333333333335,8.4,16.310960657465273,26.758817662817865,-10.447857005352592
manila,2025-01-01 07:46:30.000,7.0,0.7166666666666667,6.7,16.01100432926375,26.591255106120386,-10.580250776856635
manila,2025-01-01 07:31:30.000,6.0,0.47833333333333333,3.1,16.07828045608167,26.223563471893435,-10.145283015811764
manila,2025-01-01 06:16:30.001,5.0,0.19,2.2,16.042356510072807,21.26430755941182,-5.221951049339012
manila,2025-01-01 05:46:30.000,2.0,0.18666666666666665,1.0,15.245674555326415,18.68723400572665,-3.441559450400238
manila,2025-01-01 04:01:30.000,0.0,0.051666666666666666,0.5,15.0171151379622,15.672859952225563,-0.6557448142633646
manila,2025-01-01 03:01:30.000,3.0,0.23166666666666666,1.7,15.768704198185986,15.559542210049436,0.2091619881365503
manila,2025-01-01 02:01:30.000,9.0,0.405,2.5,17.236071779518916,16.258685582400446,0.97738619711847
manila,2025-01-01 01:16:00.000,11.0,1.335,6.3,17.943727154745968,16.913192152930144,1.0305350018158244
manila,2025-01-01 00:46:00.000,7.0,1.1583333333333334,7.2,17.4579541880914,17.30846130349193,0.1494928845994678
manila,2024-12-31 23:01:00.000,7.0,0.8049999999999999,4.2,17.40001734247574,20.229258686336262,-2.829241343860524
manila,2024-12-31 22:01:00.001,16.0,1.0466666666666666,12.7,19.031417994224945,23.33106358635216,-4.299645592127213
manila,2024-12-31 21:01:00.001,21.0,1.1816666666666669,8.2,20.04709813721981,26.021630119547787,-5.974531982327978
manila,2024-12-31 20:01:00.000,30.0,3.7516666666666665,30.3,21.43824889631449,29.736077783887104,-8.297828887572614
manila,2024-12-31 19:00:33.854,39.0,8.493333333333334,76.9,22.905125799539498,34.59934369389769,-11.69421789435819
manila,2024-12-31 18:30:24.555,42.0,13.706666666666667,124.1,23.31793307054628,35.54318610134452,-12.22525303079824
manila,2024-12-31 17:00:56.140,41.0,17.378333333333334,139.2,23.160573225865136,32.91898316100785,-9.758409935142716
manila,2024-12-31 16:01:00.000,41.0,20.486666666666668,153.9,23.12121920421712,30.41453530909336,-7.29331610487624
manila,2024-12-31 15:31:01.327,40.0,17.861666666666668,135.1,22.932602708089465,29.546676276084,-6.614073567994534
manila,2024-12-31 14:46:02.585,37.0,13.976666666666667,105.5,22.377798342923047,28.640506927273364,-6.262708584350317
manila,2024-12-31 13:01:00.000,35.0,12.788333333333332,98.4,21.96140266730777,26.78762897608816,-4.826226308780392
manila,2024-12-31 12:01:00.000,39.0,19.663333333333334,138.9,22.510794362867227,27.58141147515691,-5.070617112289682
manila,2024-12-31 11:01:00.000,40.0,22.086666666666666,151.0,22.652803268446352,28.668841548970903,-6.016038280524551
manila,2024-12-31 10:46:00.000,38.0,22.651666666666664,153.4,22.325039770156195,28.59304022011585,-6.268000449959651
manila,2024-12-31 09:46:00.309,33.0,18.321666666666665,116.3,21.30312187018694,28.366683972185417,-7.063562101998478
manila,2024-12-31 09:16:00.000,30.0,13.26,86.5,20.54721573330817,28.263035195702244,-7.715819462394066
manila,2024-12-31 08:46:00.000,28.0,11.56,72.0,20.16029436884196,28.776283729697344,-8.61598936085539
manila,2024-12-31 07:46:30.000,24.0,6.735,43.8,19.139548759423903,27.86731509975612,-8.727766340332213
manila,2024-12-31 06:16:30.000,18.0,4.108333333333333,21.3,18.090046657378764,21.588904632167704,-3.4988579747889403
manila,2024-12-31 05:46:30.000,15.0,3.216666666666667,17.3,17.47166300690098,19.15357283650367,-1.6819098296026915
manila,2024-12-31 04:31:30.001,6.0,1.0166666666666666,5.6,16.271670066244074,16.183556699217984,0.0881133670260894
manila,2024-12-31 03:01:30.000,6.0,1.1316666666666668,4.7,16.574124116829914,15.68709464156038,0.887029475269534
manila,2024-12-31 02:01:30.000,11.0,2.205,10.0,17.205280037647803,15.7927470102967,1.4125330273511023
manila,2024-12-31 01:01:30.001,18.0,2.79,13.2,18.59375877728836,16.270415830762907,2.3233429465254503
manila,2024-12-31 00:01:30.000,25.0,4.138333333333334,20.9,19.62621385629996,17.302933283942536,2.323280572357426
manila,2024-12-30 23:01:00.000,32.0,4.413333333333333,23.5,21.112751049139344,19.09599984058209,2.016751208557256
manila,2024-12-30 22:01:00.001,40.0,7.221666666666667,46.2,22.35981217425731,21.178819771086268,1.180992403171043
manila,2024-12-30 21:01:30.000,45.0,7.233333333333333,56.0,23.11927766481423,23.140878880630545,-0.0216012158163145
manila,2024-12-30 20:01:00.001,51.0,14.336666666666668,115.6,24.11951865379344,26.219452370204213,-2.0999337164107708
manila,2024-12-30 19:01:00.946,65.0,27.498333333333335,236.9,26.43719568754735,30.15124706279925,-3.7140513752518975
manila,2024-12-30 18:00:28.290,71.0,39.11,344.8,27.434150774866588,31.09745244874655,-3.663301673879964
manila,2024-12-30 17:46:05.457,69.0,39.468333333333334,329.7,27.209582912466608,30.79524072908225,-3.585657816615644
manila,2024-12-30 17:01:10.787,60.0,34.03333333333333,267.2,25.799591084524064,29.282879432695164,-3.483288348171101
manila,2024-12-30 16:31:09.807,60.0,33.54333333333333,262.6,25.63886501229236,28.123925334352226,-2.4850603220598657
manila,2024-12-30 15:01:01.127,58.0,24.575,202.0,25.16967405464664,26.099632365583595,-0.9299583109369536
manila,2024-12-30 14:46:04.160,58.0,24.261666666666667,203.3,25.22723271652508,25.86097101606235,-0.6337382995372742
manila,2024-12-30 13:46:01.118,50.0,17.328333333333333,144.0,23.83451226853173,24.46254590754661,-0.6280336390148769
manila,2024-12-30 12:46:03.101,45.0,14.006666666666666,113.2,23.0467935965802,24.05163680424288,-1.004843207662681
manila,2024-12-30 11:31:00.000,45.0,19.505,150.3,22.831150224692447,24.981189698583165,-2.1500394738907183
manila,2024-12-30 10:46:00.000,41.0,17.138333333333332,132.8,22.005924930387764,24.802918083331,-2.79699315294323
manila,2024-12-30 09:46:00.000,37.0,12.981666666666666,100.0,21.236286470220435,24.685229352510337,-3.448942882289902
manila,2024-12-30 08:46:00.001,30.0,7.553333333333333,58.1,19.831531329343843,25.63324967523305,-5.801718345889203
manila,2024-12-30 07:46:00.000,24.0,3.3666666666666667,27.7,18.59592014843641,26.195557299048296,-7.59963715061189
manila,2024-12-30 06:16:30.000,24.0,2.0016666666666665,13.8,18.362205351725567,21.257012244305635,-2.894806892580068
manila,2024-12-30 05:46:30.000,20.0,2.341666666666667,15.1,17.898603526678134,19.17685570779694,-1.2782521811188057
manila,2024-12-30 04:46:30.000,11.0,0.9583333333333334,5.2,16.620657846596753,16.16296964573872,0.4576882008580334
manila,2024-12-30 03:01:30.000,9.0,1.1566666666666667,8.1,16.742388389993927,15.299095903688537,1.443292486305392
manila,2024-12-30 02:01:30.000,10.0,1.405,5.5,16.979387947339198,15.58579429731185,1.3935936500273485
manila,2024-12-30 01:01:00.000,16.0,1.2933333333333332,5.5,17.99648101049388,16.158818452205026,1.837662558288855
manila,2024-12-30 00:01:30.000,23.0,2.085,13.1,19.05615775008686,17.257044091212443,1.7991136588744183
manila,2024-12-29 23:01:00.000,39.0,3.665,23.5,21.90499463535228,19.5940536958587,2.3109409394935803
manila,2024-12-29 22:16:00.000,43.0,5.6883333333333335,41.0,22.67855038830525,21.54560532228488,1.1329450660203726
manila,2024-12-29 21:01:00.000,44.0,7.246666666666667,57.0,22.95415340226562,22.572313055437945,0.3818403468276763
manila,2024-12-29 20:01:03.305,50.0,11.283333333333333,114.9,24.0723693653898,23.68601999380687,0.3863493715829271
manila,2024-12-29 19:00:59.713,62.0,21.86,212.7,25.876282454653253,24.973699389158792,0.9025830654944612
manila,2024-12-29 18:01:07.775,69.0,31.553333333333335,265.7,27.074410944063697,25.38433467060728,1.690076273456416
manila,2024-12-29 17:46:05.489,67.0,29.970000000000002,250.3,26.788908588892543,25.285843303724725,1.5030652851678177
manila,2024-12-29 16:46:06.827,63.0,28.198333333333334,233.9,26.236903162386504,24.893745071997422,1.3431580903890818
manila,2024-12-29 16:30:55.027,62.0,28.035,226.6,25.94923497270897,24.74362320330224,1.2056117694067368
manila,2024-12-29 15:31:09.659,59.0,24.176666666666666,184.1,25.498949142863307,24.11412747143441,1.3848216714288917
manila,2024-12-29 14:46:01.636,55.0,20.183333333333334,165.3,24.909473451239712,23.33454726617586,1.5749261850638518
manila,2024-12-29 13:46:00.000,47.0,14.945,124.9,23.31405013001167,22.17312050168825,1.1409296283234198
manila,2024-12-29 12:01:00.001,47.0,14.389999999999999,126.3,23.252149318287803,21.83842543277661,1.4137238855111924
manila,2024-12-29 11:46:00.000,46.0,15.513333333333332,133.0,22.89575649003577,21.59505408281824,1.300702407217532
manila,2024-12-29 10:46:00.000,40.0,14.555,121.8,21.7434175477391,20.80586782926554,0.9375497184735586
manila,2024-12-29 09:46:00.204,31.0,9.626666666666667,86.3,20.19996775843623,19.71597096154135,0.4839967968948819
manila,2024-12-29 08:46:00.000,23.0,4.069999999999999,35.2,18.576061776771795,18.33839286980488,0.2376689069669169
manila,2024-12-29 08:31:30.000,20.0,3.3116666666666665,28.8,18.09981252805863,17.954770799208866,0.1450417288497654
manila,2024-12-29 07:46:30.000,16.0,2.496666666666667,17.9,17.441831166226212,17.247284502324327,0.1945466639018853
manila,2024-12-29 06:01:30.000,12.0,0.875,5.0,16.598154103557366,15.95215412476526,0.6459999787921049
manila,2024-12-29 05:46:30.001,11.0,1.1233333333333335,5.8,16.51329822629079,15.883024206463524,0.6302740198272652
manila,2024-12-29 04:46:30.000,6.0,0.935,12.5,16.01473359630807,15.74191514797572,0.2728184483323481
manila,2024-12-29 03:01:30.000,4.0,0.5683333333333334,7.6,16.099317379259443,15.829248460805974,0.2700689184534681
manila,2024-12-29 02:01:30.001,8.0,1.0716666666666665,7.2,16.857984861054014,16.478112711089768,0.3798721499642461
manila,2024-12-29 01:01:00.000,17.0,2.055,13.9,18.33256747707273,17.208443649666417,1.124123827406315
manila,2024-12-29 00:01:00.000,36.0,3.441666666666667,25.9,21.51690948160009,19.178503763361444,2.338405718238647
manila,2024-12-28 23:01:00.000,50.0,6.92,67.2,23.86115998082824,21.50721390864276,2.3539460721854724
manila,2024-12-28 22:01:00.000,57.0,7.513333333333334,95.4,24.97011848785891,22.80829759387445,2.1618208939844656
manila,2024-12-28 21:01:00.000,59.0,9.821666666666665,114.3,25.38754528149485,23.65285224503785,1.7346930364570063
manila,2024-12-28 20:01:09.815,64.0,17.006666666666668,190.5,26.289447597223777,25.804176680204947,0.4852709170188305
manila,2024-12-28 19:01:00.940,76.0,27.448333333333334,274.5,28.28939558390391,29.255226642599,-0.9658310586950876
manila,2024-12-28 18:00:58.111,84.0,39.97666666666667,392.6,29.84305747290136,31.11866408845341,-1.2756066155520571
manila,2024-12-28 17:45:32.564,84.0,41.501666666666665,387.4,29.770302686654382,31.26809502974965,-1.49779234309527
manila,2024-12-28 16:16:03.476,81.0,37.17333333333333,337.5,29.198430239150213,30.547842267709097,-1.3494120285588842
manila,2024-12-28 15:45:55.461,80.0,35.230000000000004,318.9,29.039527419864687,30.092223488731523,-1.0526960688668368
manila,2024-12-28 14:45:55.762,73.0,31.18,273.2,27.902633762498446,28.98033232145032,-1.0776985589518695
manila,2024-12-28 13:45:57.211,65.0,22.421666666666667,199.9,26.4298138096567,27.515186222827552,-1.0853724131708518
manila,2024-12-28 12:01:07.847,65.0,18.055,177.7,26.07429230815912,26.633451170835333,-0.5591588626762132
manila,2024-12-28 11:01:06.353,65.0,20.948333333333334,213.3,25.83915593863815,25.87307346309325,-0.0339175244550986
manila,2024-12-28 10:46:02.078,61.0,20.845000000000002,216.8,25.19821347516354,25.4022441899322,-0.2040307147686526
manila,2024-12-28 09:46:00.000,49.0,11.181666666666667,135.1,23.10985780098193,23.297932859202,-0.1880750582200576
manila,2024-12-28 08:46:00.000,40.0,6.911666666666666,67.9,21.28807542087734,21.11586259858647,0.1722128222908701
manila,2024-12-28 08:16:30.000,38.0,4.61,49.7,20.82756974183248,20.171605500497968,0.6559642413345053
manila,2024-12-28 07:46:30.000,32.0,3.5633333333333335,36.9,19.80094906859157,19.351446698179554,0.44950237041202
manila,2024-12-28 06:46:30.000,24.0,2.675,16.8,18.264038003372185,17.665760605616935,0.5982773977552505
manila,2024-12-28 05:46:30.000,16.0,1.5983333333333334,11.2,16.94847699898964,16.52705281555091,0.4214241834387309
manila,2024-12-28 04:46:30.000,8.0,1.7116666666666667,14.2,16.062324190351273,15.84404029646916,0.2182838938821127
manila,2024-12-28 03:01:30.001,6.0,1.1583333333333334,8.4,16.397335019687304,15.987546008722624,0.4097890109646798
manila,2024-12-28 02:01:30.000,12.0,1.8900000000000001,12.5,17.326080332677588,16.55090713629287,0.775173196384717
manila,2024-12-28 01:01:30.000,17.0,1.65,10.7,18.47814445612531,17.423902517354925,1.0542419387703852
manila,2024-12-28 00:01:00.000,28.0,2.1566666666666667,13.8,20.373785146249347,19.550319196550586,0.8234659496987646
manila,2024-12-27 23:01:00.000,46.0,7.05,53.9,23.37038441176985,22.462660165474805,0.90772424629505
manila,2024-12-27 22:01:00.000,50.0,7.991666666666666,60.3,24.16768908301257,24.8722070507819,-0.704517967769327
manila,2024-12-27 21:01:00.000,56.0,10.606666666666666,95.9,25.152977188898088,26.64122877971972,-1.4882515908216298
manila,2024-12-27 20:01:04.437,67.0,16.466666666666665,172.4,27.20452033570843,29.79531119753489,-2.590790861826456
manila,2024-12-27 19:00:59.526,89.0,32.41833333333333,327.7,30.82034225299189,34.25837078804592,-3.438028535054027
manila,2024-12-27 18:00:14.319,98.0,50.665,465.9,32.31828791491064,35.409467615337114,-3.0911797004264727
manila,2024-12-27 17:45:16.703,96.0,52.745,495.4,31.995990779246167,35.11328170430548,-3.1172909250593115
manila,2024-12-27 16:45:48.917,93.0,46.07,430.4,31.424060709334555,33.25512205526503,-1.831061345930479
manila,2024-12-27 16:00:53.104,90.0,43.763333333333335,396.2,30.90464695553831,31.932320542572366,-1.0276735870340552
manila,2024-12-27 15:46:16.461,89.0,43.64833333333333,385.7,30.813147679908216,31.487213907897274,-0.6740662279890586
manila,2024-12-27 14:46:15.765,84.0,37.63333333333333,355.2,29.872471605254475,29.91217142899353,-0.0396998237390597
manila,2024-12-27 13:46:00.000,71.0,27.283333333333335,267.8,27.59587104816532,27.78707747374633,-0.1912064255810044
manila,2024-12-27 12:01:05.565,75.0,26.878333333333334,261.2,27.96027476059409,27.21243309836749,0.7478416622265911
manila,2024-12-27 11:46:00.001,76.0,31.743333333333332,305.8,28.276207849837608,27.38757624678182,0.8886316030557886
manila,2024-12-27 10:46:00.000,67.0,28.596666666666668,290.4,26.60198103139279,26.949244842305266,-0.347263810912473
manila,2024-12-27 09:46:00.000,50.0,16.901666666666667,163.7,23.89826581929665,25.88591225948164,-1.9876464401849847
manila,2024-12-27 08:46:02.414,42.0,8.531666666666666,80.6,22.419931601826345,25.824235555940973,-3.404303954114628
manila,2024-12-27 07:46:00.000,35.0,4.833333333333333,36.9,21.055069542356065,25.45494156181849,-4.399872019462425
manila,2024-12-27 06:46:30.000,28.0,2.6883333333333335,21.1,19.231894752501194,22.09166650095936,-2.859771748458165
manila,2024-12-27 05:46:30.000,20.0,2.9283333333333332,18.7,17.735017082062733,18.27965613805069,-0.5446390559879575
manila,2024-12-27 04:46:30.000,8.0,1.26,7.0,15.847995155257822,15.892499604603923,-0.0445044493461015
manila,2024-12-27 03:01:30.000,5.0,0.8049999999999999,6.8,16.086766110801648,15.69148730175838,0.3952788090432673
manila,2024-12-27 02:01:30.000,8.0,1.3866666666666667,9.2,16.488801207539947,15.870503747542292,0.6182974599976543
manila,2024-12-27 01:01:30.001,15.0,1.8816666666666668,7.2,17.879791371266926,16.530219729241043,1.3495716420258823
manila,2024-12-27 00:01:30.001,23.0,2.32,16.2,19.180885041775458,17.806439982424706,1.3744450593507516
manila,2024-12-26 23:01:30.000,38.0,5.260000000000001,45.7,22.13671316199944,20.32849108049617,1.808222081503264
manila,2024-12-26 22:01:00.000,45.0,6.955,78.2,23.248754654716578,22.86598060653633,0.3827740481802522
manila,2024-12-26 21:01:00.000,49.0,9.156666666666666,89.4,23.85329826750405,24.73893742866583,-0.8856391611617802
manila,2024-12-26 20:01:00.000,61.0,15.976666666666667,145.3,26.12178252316481,27.972444126385337,-1.8506616032205263
manila,2024-12-26 19:00:53.148,81.0,33.15,303.8,29.296846543917923,32.48009777705142,-3.183251233133497
manila,2024-12-26 18:15:52.281,85.0,40.60666666666667,405.1,30.077369521399213,34.15905271935391,-4.081683197954696
manila,2024-12-26 17:45:51.914,81.0,42.473333333333336,381.8,29.26308986837942,33.532167948163874,-4.269078079784453
manila,2024-12-26 16:46:06.351,76.0,35.675,327.7,28.42351279138228,31.382655672414348,-2.959142881032069
manila,2024-12-26 15:46:07.676,73.0,30.108333333333334,269.6,27.79446429660201,29.497720214177544,-1.7032559175755289
manila,2024-12-26 14:46:01.163,66.0,24.851666666666667,236.6,26.51869728722989,28.07727659554809,-1.5585793083181976
manila,2024-12-26 13:46:00.000,55.0,18.873333333333335,177.7,24.808929994773035,26.62244394979276,-1.8135139550197223
manila,2024-12-26 12:01:03.855,56.0,15.936666666666667,163.4,24.58636599515641,26.74294869374565,-2.156582698589244
manila,2024-12-26 11:46:00.000,56.0,17.421666666666667,177.3,24.649777509055983,27.02254666768393,-2.3727691586279427
manila,2024-12-26 11:16:00.000,55.0,17.495,196.5,24.375067947856767,27.28632069050021,-2.911252742643448
manila,2024-12-26 10:46:00.000,49.0,14.851666666666667,161.3,23.40382247689464,27.18881678954861,-3.7849943126539713
manila,2024-12-26 09:46:00.000,37.0,7.876666666666667,84.4,21.336932876238347,26.821595495620723,-5.484662619382377
manila,2024-12-26 08:01:30.000,31.0,2.0816666666666666,25.5,20.314517965361297,27.768403215983213,-7.453885250621916
manila,2024-12-26 07:46:00.000,30.0,2.26,28.7,19.976499144319185,27.22101207186566,-7.244512927546474
manila,2024-12-26 06:46:30.000,24.0,1.4400000000000002,17.5,18.44334815833841,22.91723703120359,-4.473888872865185
manila,2024-12-26 05:46:30.000,17.0,0.8383333333333333,14.2,17.04079262361766,18.29634349962188,-1.2555508760042144
manila,2024-12-26 04:46:30.000,4.0,0.425,1.5,15.103780549596705,15.611199379986186,-0.5074188303894829
manila,2024-12-26 03:01:30.000,0.0,0.12333333333333334,1.3,15.132638423132816,15.473053233570331,-0.3404148104375153
manila,2024-12-26 02:01:30.001,2.0,0.1716666666666667,2.3,15.713052787426918,15.89175376039319,-0.178700972966272
manila,2024-12-26 01:01:30.000,7.0,0.2733333333333333,1.5,16.67802259407856,16.492027378442366,0.1859952156361934
manila,2024-12-26 00:01:30.000,16.0,0.855,4.5,18.145509698695648,17.772851961247436,0.3726577374482112
manila,2024-12-25 23:01:00.000,29.0,1.9766666666666666,14.0,20.23677399742128,19.87267528398535,0.3640987134359292
manila,2024-12-25 22:01:30.000,38.0,4.501666666666667,35.3,21.62055102750817,22.360130858504288,-0.7395798309961101
manila,2024-12-25 21:01:00.000,42.0,4.293333333333334,45.1,22.322590933089973,24.398093203287708,-2.0755022701977346
manila,2024-12-25 20:01:00.001,50.0,9.106666666666666,100.7,23.55993643889284,27.39922657696018,-3.8392901380673408
manila,2024-12-25 19:01:00.000,63.0,20.293333333333333,196.4,25.604680479804365,31.88618446533461,-6.28150398553025
manila,2024-12-25 18:31:15.260,68.0,25.158333333333335,244.2,26.310768202414803,32.97946702221287,-6.66869881979807
manila,2024-12-25 17:46:10.504,65.0,26.006666666666668,245.0,25.96564612616185,32.834954530178024,-6.869308404016174
manila,2024-12-25 16:46:01.668,58.0,19.458333333333332,182.3,24.76446983065172,30.495751762317404,-5.731281931665691
manila,2024-12-25 15:46:00.051,54.0,17.698333333333334,167.8,24.08673304893188,28.669139191997136,-4.582406143065256
manila,2024-12-25 14:46:02.566,49.0,14.063333333333333,135.6,23.26284388085373,27.39752443057838,-4.134680549724653
manila,2024-12-25 13:01:01.276,42.0,9.033333333333333,92.5,21.826920373931863,25.45892144877348,-3.632001074841618
manila,2024-12-25 12:01:02.478,45.0,9.020000000000001,97.2,22.14331386893332,26.08631861803934,-3.94300474910602
manila,2024-12-25 11:46:00.000,44.0,8.273333333333333,94.8,22.010058079737583,26.287858203385763,-4.277800123648181
manila,2024-12-25 10:46:00.000,33.0,6.318333333333333,64.6,20.185242534698308,26.751370061499014,-6.566127526800706
manila,2024-12-25 09:46:00.000,26.0,3.0683333333333334,35.1,18.821742657775992,26.07713431023958,-7.255391652463587
manila,2024-12-25 08:46:00.000,21.0,2.808333333333333,26.4,18.233592779795742,26.82999708681381,-8.596404307018066
manila,2024-12-25 07:16:30.000,15.0,1.125,10.0,16.99052326083378,24.882742874616227,-7.892219613782448
manila,2024-12-25 06:46:00.000,13.0,0.4516666666666667,4.8,16.63166478148797,22.7737904437762,-6.142125662288223
manila,2024-12-25 05:46:30.000,7.0,0.35833333333333334,2.8,15.423892323404983,17.959986678471587,-2.536094355066602
manila,2024-12-25 04:31:30.001,2.0,0.175,0.7,15.040069183099536,15.561567217505432,-0.5214980344058961
manila,2024-12-25 03:01:30.000,1.0,0.185,0.9,15.472938234525332,15.492202940567829,-0.0192647060424953
manila,2024-12-25 02:01:30.000,4.0,0.15333333333333332,0.8,15.984351749762563,15.80783750426233,0.1765142455002326
manila,2024-12-25 01:01:30.000,6.0,0.13499999999999998,4.2,16.5620390988965,16.402727431533595,0.1593116673629033
manila,2024-12-25 00:01:30.000,11.0,0.16999999999999998,1.3,17.39308294878214,17.62609673181281,-0.2330137830306711
manila,2024-12-24 23:01:03.764,19.0,0.8200000000000001,7.0,18.731956479585783,19.616634245847344,-0.8846777662615573
manila,2024-12-24 22:01:00.001,30.0,1.9849999999999999,14.0,21.338538475203297,23.172546850261973,-1.8340083750586764
manila,2024-12-24 21:01:00.001,41.0,7.625,57.2,22.970731224332447,25.46345053896783,-2.492719314635384
manila,2024-12-24 20:01:00.001,56.0,15.971666666666666,138.4,25.645449008152006,29.32866633507889,-3.683217326926883
manila,2024-12-24 19:01:09.127,63.0,22.591666666666665,198.4,26.65063431666839,33.982385822167295,-7.331751505498904
manila,2024-12-24 18:01:03.770,67.0,29.038333333333334,262.5,27.32257323736328,34.91115402186064,-7.58858078449736
manila,2024-12-24 17:45:33.747,65.0,30.90666666666667,260.2,26.98541821274777,34.28700719384287,-7.301588981095097
manila,2024-12-24 16:31:17.238,60.0,28.566666666666666,243.1,25.88787291250334,30.892452810545464,-5.004579898042124
manila,2024-12-24 15:46:12.333,58.0,26.34333333333333,219.9,25.64327899325312,29.58661344966551,-3.943334456412394
manila,2024-12-24 14:46:00.000,53.0,19.915000000000003,174.5,24.76906212219044,28.198700327159607,-3.429638204969166
manila,2024-12-24 13:46:03.685,50.0,16.54,149.6,24.17359274166727,26.70155612528952,-2.5279633836222466
manila,2024-12-24 12:01:00.001,47.0,20.223333333333336,163.4,23.58836260296497,27.274671110800465,-3.6863085078354914
manila,2024-12-24 11:31:00.001,47.0,21.516666666666666,179.9,23.494347045214514,27.775008527939203,-4.280661482724689
manila,2024-12-24 10:46:00.000,45.0,22.873333333333335,177.1,23.02690774249472,27.987240484293025,-4.960332741798311
manila,2024-12-24 10:31:00.001,44.0,21.913333333333334,177.1,22.949002354516427,28.022558909271005,-5.073556554754578
manila,2024-12-24 09:46:00.000,39.0,16.261666666666667,125.6,21.92690664858777,27.76807151059413,-5.841164862006352
manila,2024-12-24 08:46:00.000,32.0,10.026666666666667,80.6,20.57077840951834,28.145890926886864,-7.575112517368524
manila,2024-12-24 07:46:00.001,25.0,6.535,47.7,19.05295479715623,27.261692521213988,-8.208737724057759
manila,2024-12-24 06:31:30.000,21.0,3.1766666666666667,24.8,18.22921258714988,22.231823495978297,-4.002610908828419
manila,2024-12-24 05:46:30.000,18.0,3.1116666666666664,20.0,17.723002630439385,18.982312785287736,-1.2593101548483503
manila,2024-12-24 04:46:30.000,8.0,1.4383333333333332,9.5,16.29932580000483,16.217674066432906,0.081651733571924
manila,2024-12-24 03:01:30.000,6.0,2.111666666666667,8.3,16.32418650750039,15.53121376412748,0.7929727433729088
manila,2024-12-24 02:01:30.000,9.0,1.695,7.3,16.950533671757462,15.819957980143664,1.1305756916137977
manila,2024-12-24 01:01:30.000,19.0,3.0433333333333334,13.6,18.843880537420787,16.469764363370004,2.3741161740507835
manila,2024-12-24 00:01:30.000,32.0,4.341666666666667,27.6,21.004660025209606,17.534359346264996,3.4703006789446107
manila,2024-12-23 23:01:00.000,49.0,9.485000000000001,68.1,24.15002030891156,19.409494377284744,4.7405259316268165
manila,2024-12-23 22:01:00.000,56.0,14.323333333333332,104.9,25.45656753789846,21.59374681066604,3.862820727232421
manila,2024-12-23 21:01:00.000,64.0,17.101666666666667,138.3,26.71799716092549,23.540141525564003,3.177855635361489
manila,2024-12-23 20:01:00.937,78.0,28.376666666666665,225.0,29.26840123349202,26.79246125721264,2.475939976279385
manila,2024-12-23 19:00:40.022,103.0,51.586666666666666,395.1,33.391247498642706,30.84076430499892,2.5504831936437924
manila,2024-12-23 18:15:42.131,109.0,60.7,519.3,34.45785676917865,31.644305833821303,2.813550935357341
manila,2024-12-23 17:45:40.905,106.0,63.666666666666664,530.3,33.820277360497194,30.8204261391452,2.999851221351996
manila,2024-12-23 16:46:12.873,107.0,63.265,498.4,34.02487543120968,28.800018427342174,5.2248570038675055
manila,2024-12-23 15:45:59.739,106.0,62.66,529.6,33.809240664851984,26.99257056059743,6.816670104254555
manila,2024-12-23 14:45:47.570,92.0,54.14833333333333,446.5,31.4565269370846,26.17451698410524,5.2820099529793545
manila,2024-12-23 13:46:00.001,79.0,41.04,351.2,29.122562897308967,24.86806317987226,4.254499717436708
manila,2024-12-23 12:16:00.000,78.0,37.413333333333334,320.1,28.95898498066401,24.87751776094644,4.081467219717574
manila,2024-12-23 11:16:01.197,77.0,45.44833333333334,376.9,28.768405145317423,25.61899312816188,3.1494120171555444
manila,2024-12-23 10:46:00.000,70.0,39.14833333333333,346.3,27.564749188724107,25.663428866671115,1.9013203220529924
manila,2024-12-23 10:16:00.000,60.0,29.8,269.0,25.75163873250975,25.58678921232212,0.1648495201876336
manila,2024-12-23 09:46:00.000,52.0,19.63,185.4,24.45953851180899,25.854354251666297,-1.3948157398573071
manila,2024-12-23 08:46:00.000,43.0,11.958333333333334,100.5,22.812726301388487,27.41054323981201,-4.597816938423527
manila,2024-12-23 07:46:00.000,39.0,8.24,75.0,21.81622510243441,28.06379728769065,-6.247572185256242
manila,2024-12-23 07:16:30.000,35.0,5.566666666666666,47.6,20.811940073616967,26.39071804870524,-5.578777975088272
manila,2024-12-23 06:46:30.000,33.0,4.38,38.2,20.27875309914898,24.465544794640085,-4.186791695491106
manila,2024-12-23 05:46:30.000,24.0,3.4116666666666666,31.8,18.57906241698117,19.542335376447216,-0.963272959466046
manila,2024-12-23 04:46:30.001,9.0,1.13,6.4,16.400349567949736,16.237119042596987,0.1632305253527484
manila,2024-12-23 03:01:30.000,4.0,0.5116666666666666,3.8,15.774474289163145,15.165807065731345,0.6086672234318016
manila,2024-12-23 02:01:30.000,7.0,1.0316666666666667,5.2,16.806978991327174,15.91385565541006,0.8931233359171156
manila,2024-12-23 01:01:30.000,14.0,1.0483333333333333,8.5,18.095288490862423,16.484252766234103,1.6110357246283191
manila,2024-12-23 00:01:30.000,24.0,2.171666666666667,14.1,19.929757028149,17.949246373436146,1.980510654712852
manila,2024-12-22 23:01:00.000,38.0,5.510000000000001,36.7,22.191458809708774,19.93586191092636,2.255596898782418
manila,2024-12-22 22:01:00.088,44.0,7.903333333333333,56.0,23.36996244870344,22.344926057577897,1.025036391125543
manila,2024-12-22 21:01:00.000,46.0,9.273333333333333,73.9,23.697273816080443,23.023475029364167,0.6737987867162758
manila,2024-12-22 20:01:00.000,54.0,13.401666666666667,108.2,25.239127595047336,24.11994743369741,1.1191801613499273
manila,2024-12-22 19:00:34.021,70.0,25.578333333333333,223.5,27.72573425241459,25.470924339358568,2.2548099130560217
manila,2024-12-22 18:00:37.583,75.0,35.755,302.4,28.70904867466764,25.864927988039224,2.8441206866284183
manila,2024-12-22 17:45:41.318,74.0,37.138333333333335,307.9,28.42615956025717,25.748455762381024,2.677703797876145
manila,2024-12-22 16:45:59.773,73.0,36.88166666666667,297.7,28.12608028804912,25.15889312420786,2.9671871638412526
manila,2024-12-22 15:46:16.045,70.0,34.025,257.5,27.72587513456955,24.537621597801326,3.1882535367682223
manila,2024-12-22 15:16:08.309,67.0,31.086666666666666,243.1,27.15814345490246,24.07308469209261,3.085058762809848
manila,2024-12-22 14:46:05.705,65.0,28.791666666666668,222.0,26.73234674263775,23.52678226044987,3.205564482187878
manila,2024-12-22 13:46:03.383,54.0,22.735,177.9,24.85262084355242,22.39262207918369,2.459998764368724
manila,2024-12-22 12:01:00.000,55.0,21.93166666666667,180.9,24.88930409102741,22.07745278460544,2.811851306421968
manila,2024-12-22 11:31:03.083,54.0,21.63,184.3,24.60096739344515,21.820243842560654,2.7807235508844954
manila,2024-12-22 10:46:00.000,50.0,19.788333333333334,173.6,23.710581342166343,21.21964592024221,2.490935421924128
manila,2024-12-22 09:46:00.000,41.0,15.583333333333334,127.8,22.08994289393294,20.17223124777876,1.9177116461541777
manila,2024-12-22 08:46:36.035,29.0,7.536666666666666,63.2,20.064860844970536,18.793087182331583,1.2717736626389495
manila,2024-12-22 07:46:30.000,21.0,4.7316666666666665,36.8,18.40647184324916,17.38517639918627,1.0212954440628863
manila,2024-12-22 07:01:30.000,17.0,3.0900000000000003,19.0,17.660770486972588,16.721750348481827,0.9390201384907612
manila,2024-12-22 06:01:30.001,16.0,2.025,13.5,17.44276525430593,16.16602595897025,1.2767392953356804
manila,2024-12-22 05:46:30.000,15.0,1.7616666666666667,10.7,17.332119525990343,16.11713392107983,1.2149856049105132
manila,2024-12-22 04:46:30.001,8.0,0.8816666666666666,4.9,16.49203216159586,15.902269466630964,0.5897626949648931
manila,2024-12-22 03:01:30.001,9.0,0.985,6.8,17.059127494353945,16.133999067737303,0.9251284266166416
manila,2024-12-22 02:01:30.000,14.0,1.6816666666666669,11.0,18.16410872426792,16.842151071278842,1.3219576529890773
manila,2024-12-22 01:01:30.001,24.0,2.9116666666666666,17.0,19.87648443291204,17.606574928546905,2.269909504365128
manila,2024-12-22 00:01:00.000,40.0,6.325,46.2,22.71631324280399,19.60839044083109,3.107922801972901
manila,2024-12-21 23:01:30.000,54.0,14.013333333333332,93.9,25.202189734949894,21.909564576782373,3.292625158167521
manila,2024-12-21 22:31:00.000,58.0,15.458333333333334,123.0,25.778817130701466,23.07193613331224,2.706880997389224
manila,2024-12-21 21:01:00.000,59.0,15.298333333333334,122.2,26.12849017971208,24.17558840973641,1.952901769975668
manila,2024-12-21 20:01:16.388,75.0,29.578333333333333,250.0,28.694355565245544,26.32939786070199,2.364957704543553
manila,2024-12-21 19:00:23.599,103.0,53.43,409.2,33.40469622688889,29.735637294445112,3.6690589324437752
manila,2024-12-21 18:01:00.383,115.0,75.56833333333334,596.1,35.37604996984951,31.174162824366505,4.201887145483006
manila,2024-12-21 17:45:38.975,114.0,78.34833333333333,603.3,35.15473311215273,31.18586680743461,3.968866304718112
manila,2024-12-21 16:30:46.102,114.0,78.705,591.6,35.24930366544571,30.64639980443553,4.6029038610101765
manila,2024-12-21 15:45:21.854,113.0,76.99833333333332,578.0,35.18219940689781,29.925266874909063,5.256932531988745
manila,2024-12-21 14:45:53.070,105.0,63.01833333333333,506.0,33.59718166173679,28.79032795542836,4.806853706308434
manila,2024-12-21 13:00:43.511,93.0,42.56333333333334,376.9,31.344290834520287,27.09766191635536,4.246628918164927
manila,2024-12-21 12:00:52.526,94.0,44.54666666666667,393.7,31.439556447888,26.9133987118378,4.526157736050198
manila,2024-12-21 11:30:46.419,94.0,49.169999999999995,456.6,31.382397755075434,26.802904107215618,4.579493647859817
manila,2024-12-21 10:45:44.179,89.0,49.69833333333334,455.5,30.24609625132374,25.873635179788227,4.372461071535511
manila,2024-12-21 09:46:02.438,68.0,31.81833333333333,293.4,26.94690550936585,24.05064099690136,2.896264512464491
manila,2024-12-21 08:46:00.001,52.0,15.438333333333333,142.9,23.906023030280497,21.61066941150204,2.295353618778464
manila,2024-12-21 07:46:00.000,41.0,6.638333333333334,61.6,21.685725853542568,19.74216017575476,1.9435656777878056
manila,2024-12-21 06:31:30.000,36.0,3.933333333333333,32.0,20.65498923458478,17.977362709064504,2.6776265255202745
manila,2024-12-21 05:46:30.000,31.0,3.5283333333333333,25.0,19.994901042692387,17.293840445481543,2.7010605972108443
manila,2024-12-21 04:46:30.001,14.0,2.545,15.2,17.62587593364785,16.537069945701226,1.0888059879466248
manila,2024-12-21 03:01:30.000,13.0,2.515,15.3,17.90571242655472,16.41657168543378,1.4891407411209414
manila,2024-12-21 02:01:30.000,22.0,4.065,25.6,19.62507690833506,17.104700485760763,2.520376422574298
manila,2024-12-21 01:01:30.000,39.0,6.651666666666667,43.5,22.60347976767918,17.85816315775026,4.745316609928921
manila,2024-12-21 00:01:00.001,58.0,13.363333333333333,95.8,25.853971787365072,20.0554712702132,5.798500517151872
manila,2024-12-20 23:01:00.000,70.0,22.148333333333333,156.3,28.097869507542924,22.781033341699786,5.316836165843139
manila,2024-12-20 22:31:00.000,73.0,23.855,182.8,28.57390023091629,24.369596775739847,4.204303455176444
manila,2024-12-20 21:01:04.014,74.0,21.126666666666665,177.7,28.71541949973323,27.00957856346821,1.7058409362650195
manila,2024-12-20 20:00:57.088,95.0,31.308333333333334,274.6,32.33619083278617,30.45654725445929,1.8796435783268777
manila,2024-12-20 19:00:55.377,132.0,58.47833333333333,520.0,38.575763828185686,34.373931474595025,4.20183235359066
manila,2024-12-20 18:00:17.557,147.0,87.84166666666667,725.8,41.30959272524255,35.12386659937575,6.1857261258668
manila,2024-12-20 17:44:57.627,146.0,93.44,771.3,41.101086603442745,34.88337163242268,6.217714971020065
manila,2024-12-20 16:46:05.050,139.0,86.05333333333333,708.0,39.86235957751502,33.152730455283745,6.709629122231277
manila,2024-12-20 15:46:04.563,132.0,82.46499999999999,675.2,38.63034963217929,31.509546507161925,7.120803125017364
manila,2024-12-20 14:45:36.847,121.0,77.99,644.4,37.09363039800999,30.087669646779112,7.005960751230873
manila,2024-12-20 13:46:14.495,105.0,61.968333333333334,526.0,34.16951567714247,28.28578938198604,5.883726295156428
manila,2024-12-20 12:01:08.359,109.0,65.23333333333333,555.7,34.51297983140159,27.81371415612262,6.699265675278966
manila,2024-12-20 11:31:05.455,109.0,71.54833333333333,596.0,34.606771090006134,27.97295886074357,6.63381222926256
manila,2024-12-20 11:01:05.638,103.0,73.37166666666667,630.7,33.786083100882934,28.006579420460227,5.779503680422707
manila,2024-12-20 10:46:00.000,97.0,66.725,564.1,32.57320150459161,27.733425013900145,4.839776490691463
manila,2024-12-20 09:46:02.818,72.0,38.135,356.2,28.05390302447136,26.41947923876238,1.6344237857089716
manila,2024-12-20 08:46:00.000,62.0,23.721666666666668,226.6,26.34674540782873,26.567227362695206,-0.2204819548664716
manila,2024-12-20 07:46:00.000,53.0,14.031666666666666,163.8,24.765269047111627,26.43131623857204,-1.6660471914604145
manila,2024-12-20 06:46:30.000,42.0,7.083333333333333,73.0,22.442486715888545,22.98912033072704,-0.5466336148384912
manila,2024-12-20 05:46:30.001,31.0,3.925,38.1,20.272407747225067,19.10342717158436,1.1689805756407097
manila,2024-12-20 04:46:30.000,14.0,2.0216666666666665,14.2,17.410575780590587,16.515363174260397,0.8952126063301904
manila,2024-12-20 03:01:30.000,11.0,1.7866666666666666,12.8,17.432081904962104,16.075415785273094,1.3566661196890095
manila,2024-12-20 02:01:30.000,15.0,2.9033333333333333,18.1,18.39576616944301,16.56709694269847,1.828669226744548
manila,2024-12-20 01:01:30.000,30.0,4.841666666666667,35.0,21.272163618603944,17.397432538192643,3.874731080411301
manila,2024-12-20 00:01:30.000,49.0,10.53,70.6,24.53475602132514,18.841540889441248,5.693215131883893
manila,2024-12-19 23:01:00.000,68.0,20.386666666666667,137.0,27.815199826521773,21.019649975998888,6.795549850522885
manila,2024-12-19 22:31:30.000,70.0,23.35666666666667,177.8,28.22838072865873,22.47834292187281,5.750037806785922
manila,2024-12-19 21:01:00.000,74.0,22.483333333333334,195.0,28.986832379004174,25.717604219777,3.2692281592271755
manila,2024-12-19 20:01:04.829,94.0,33.36,296.6,32.36633146279106,28.776616533676403,3.589714929114656
manila,2024-12-19 19:00:58.990,133.0,64.63333333333334,537.1,39.165445371721766,33.37276985493381,5.792675516787959
manila,2024-12-19 18:00:32.872,142.0,87.76833333333335,756.8,40.714026166462574,34.14838441841931,6.565641748043262
manila,2024-12-19 17:45:50.656,139.0,88.74499999999999,751.3,40.04195615390127,33.747418789409444,6.294537364491823
manila,2024-12-19 16:45:31.122,128.0,78.9,653.0,38.32877181394401,31.81990362275408,6.508868191189933
manila,2024-12-19 15:45:39.469,121.0,75.59833333333333,616.5,37.04266670914054,30.09077056142892,6.951896147711622
manila,2024-12-19 14:45:52.244,115.0,70.175,573.0,35.9451795113102,28.78077504421965,7.164404467090549
manila,2024-12-19 13:46:07.947,102.0,62.285,499.0,33.564430958931226,27.258837730233303,6.305593228697919
manila,2024-12-19 12:01:00.556,105.0,66.13666666666667,546.9,34.035071851612514,27.737133695819388,6.297938155793126
manila,2024-12-19 11:31:00.001,105.0,70.885,559.5,33.99531894202878,28.19649905353921,5.798819888489575
manila,2024-12-19 10:46:00.000,96.0,68.98333333333333,562.8,32.30102086618599,28.18963294320234,4.111387922983653
manila,2024-12-19 09:46:00.001,75.0,37.861666666666665,330.4,28.80052750857635,27.99874687903021,0.8017806295461369
manila,2024-12-19 08:31:00.000,70.0,27.723333333333336,248.1,27.91502584970608,29.117881662221503,-1.202855812515427
manila,2024-12-19 07:46:00.001,66.0,21.108333333333334,217.1,27.13750906040739,28.61505673882315,-1.4775476784157604
manila,2024-12-19 06:46:30.000,48.0,10.625,96.9,23.7954876475358,24.62791832602544,-0.83243067848964
manila,2024-12-19 05:46:30.000,31.0,4.2683333333333335,32.8,20.39191899684639,19.68242934508548,0.709489651760908
manila,2024-12-19 04:46:30.001,11.0,0.8983333333333333,6.6,17.15016546276351,16.633376203546117,0.5167892592173935
manila,2024-12-19 03:01:30.000,8.0,0.6916666666666667,7.8,17.041102067423097,16.120898830329093,0.920203237094004
manila,2024-12-19 02:01:30.000,11.0,0.9166666666666666,7.5,17.57484302714259,16.44045604717107,1.13438697997152
manila,2024-12-19 01:01:30.001,22.0,2.3016666666666667,22.8,19.762159271827784,17.187698476280474,2.57446079554731
manila,2024-12-19 00:01:30.000,43.0,6.441666666666666,50.1,23.411576128824663,18.67668808775686,4.734888041067801
manila,2024-12-18 23:01:00.000,63.0,16.83,116.8,27.0893769083833,20.916076965732056,6.173299942651244
manila,2024-12-18 22:01:00.000,68.0,18.671666666666667,150.0,27.91790069744984,23.59442995963226,4.32347073781758
manila,2024-12-18 21:01:00.001,76.0,21.303333333333335,182.1,29.12468488794338,25.80358302171852,3.321101866224865
manila,2024-12-18 20:01:00.000,93.0,33.46666666666667,282.1,32.525286959364024,29.39408787738704,3.1311990819769875
manila,2024-12-18 19:00:57.528,133.0,68.315,537.8,39.30140967582128,33.9147244255887,5.386685250232574
manila,2024-12-18 18:15:14.136,142.0,88.53,728.4,40.51325550975576,34.495440724500746,6.017814785255013
manila,2024-12-18 17:45:25.915,138.0,92.2,769.7,39.9100576752373,33.87310503622439,6.036952639012917
manila,2024-12-18 17:01:01.706,130.0,81.88000000000001,686.3,38.805762727082026,32.55683588372939,6.248926843352635
manila,2024-12-18 16:45:55.931,131.0,84.92333333333333,674.5,38.866314302522895,32.014892778673726,6.851421523849169
manila,2024-12-18 16:16:09.862,125.0,85.30666666666666,692.3,37.82461426187892,30.99430840005506,6.83030586182386
manila,2024-12-18 15:46:12.748,121.0,85.95,650.7,37.23513166804186,30.1443436835448,7.090787984497062
manila,2024-12-18 14:46:05.538,111.0,75.46833333333333,602.5,35.234265845162284,28.759994233588834,6.4742716115734495
manila,2024-12-18 13:01:07.255,101.0,54.36833333333333,458.5,33.23828173215492,27.037989479642345,6.200292252512572
manila,2024-12-18 12:16:00.001,111.0,68.69833333333332,582.8,35.163535686274344,27.832125056763,7.33141062951135
manila,2024-12-18 11:31:00.000,107.0,66.12166666666667,564.0,34.364851937320616,28.46614505847299,5.8987068788476265
manila,2024-12-18 10:46:00.000,98.0,61.78666666666666,531.4,32.874010705197975,28.87279810246852,4.001212602729453
manila,2024-12-18 09:46:00.001,77.0,35.376666666666665,346.3,29.17521783112438,28.80215985115033,0.3730579799740496
manila,2024-12-18 08:01:00.000,74.0,26.95,272.3,28.86440537007338,29.65556086891216,-0.7911554988387763
manila,2024-12-18 07:46:00.609,72.0,24.198333333333334,243.5,28.435368871908647,29.19538035532957,-0.7600114834209215
manila,2024-12-18 06:46:30.000,54.0,14.354999999999999,131.0,25.08656036170365,25.13799609780698,-0.0514357361033255
manila,2024-12-18 05:46:30.000,33.0,5.1866666666666665,45.7,20.785560373660463,19.92148515656473,0.8640752170957313
manila,2024-12-18 04:46:30.001,12.0,1.0466666666666666,8.0,17.098053518199876,16.564865350293722,0.5331881679061539
manila,2024-12-18 03:01:30.000,7.0,1.0883333333333334,7.0,16.890652339134352,16.013810062164183,0.8768422769701694
manila,2024-12-18 02:01:30.000,12.0,0.675,9.4,17.923581022806935,16.420882902648938,1.502698120157998
manila,2024-12-18 01:01:30.000,23.0,1.525,15.0,19.86270703133323,16.957896911138384,2.904810120194845
manila,2024-12-18 00:01:30.000,40.0,4.614999999999999,38.7,23.00773279102688,18.469653720160288,4.538079070866594
manila,2024-12-17 23:01:00.000,62.0,12.84,92.8,26.70911517057864,20.51966560570533,6.1894495648733
manila,2024-12-17 22:31:00.000,66.0,17.23166666666667,135.6,27.48509575636918,22.035095143111484,5.450000613257696
manila,2024-12-17 21:01:00.001,73.0,20.288333333333334,170.5,28.70257064799297,25.675190112227693,3.027380535765285
manila,2024-12-17 20:01:05.234,98.0,33.19833333333334,289.9,33.41168720840376,29.666654326489446,3.745032881914316
manila,2024-12-17 19:00:42.704,134.0,68.00333333333333,551.9,39.57090859761769,34.02205015750856,5.548858440109129
manila,2024-12-17 18:15:30.885,143.0,90.26166666666667,758.5,40.78384566116212,34.30881953145655,6.475026129705569
manila,2024-12-17 17:45:57.142,139.0,90.74166666666666,764.9,39.96229689745016,33.63033270174213,6.331964195708032
manila,2024-12-17 16:46:11.738,127.0,83.46000000000001,681.9,38.22862916754325,31.607348743893034,6.621280423650219
manila,2024-12-17 15:46:11.287,123.0,81.37333333333332,649.3,37.78322696447042,29.94471077113097,7.838516193339451
manila,2024-12-17 14:46:05.490,116.0,75.66499999999999,597.1,36.36606015513492,28.74154154614795,7.624518608986968
manila,2024-12-17 13:01:00.000,95.0,48.525,418.0,32.39274792682566,26.800315908910445,5.592432017915218
manila,2024-12-17 12:01:02.156,106.0,68.815,559.7,34.6172192236797,28.037854554534803,6.579364669144894
manila,2024-12-17 11:46:00.001,106.0,65.75166666666667,523.8,34.46118835186449,28.274144435038448,6.187043916826045
manila,2024-12-17 10:46:01.615,97.0,60.50833333333333,514.6,32.69929021882814,28.820804596508044,3.878485622320096
manila,2024-12-17 10:31:00.000,93.0,55.90333333333333,474.5,32.01306220029325,28.967644007545896,3.045418192747352
manila,2024-12-17 09:46:00.001,83.0,40.266666666666666,379.6,30.27043094921785,29.22233275238102,1.048098196836829
manila,2024-12-17 08:01:01.407,84.0,32.17,314.5,30.51092620131072,30.42734905296863,0.0835771483420906
manila,2024-12-17 07:46:00.000,81.0,29.65666666666667,294.0,30.001861232069604,29.867967213587736,0.1338940184818682
manila,2024-12-17 06:46:30.000,62.0,18.055,182.5,26.34584423837801,25.557323809247432,0.7885204291305783
manila,2024-12-17 05:46:30.000,35.0,7.22,58.9,21.20457695645697,20.06017820249385,1.1443987539631235
manila,2024-12-17 04:46:30.001,12.0,1.5266666666666666,12.3,17.278038255021674,16.70840960535712,0.5696286496645548
manila,2024-12-17 03:01:30.001,6.0,0.955,3.6,16.417641512909732,15.636460025530884,0.7811814873788485
manila,2024-12-17 02:01:30.000,9.0,1.1716666666666666,7.3,17.346283237247054,16.30005330709378,1.0462299301532738
manila,2024-12-17 01:01:30.001,14.0,1.3599999999999999,13.0,18.43721300362512,16.810309690796203,1.6269033128289152
manila,2024-12-17 00:01:30.000,28.0,3.3583333333333334,26.5,20.99867251298925,18.17861676883116,2.8200557441580862
manila,2024-12-16 23:01:00.000,49.0,9.048333333333334,66.7,24.560226323446315,19.800172221876185,4.76005410157013
manila,2024-12-16 22:01:00.000,57.0,10.303333333333335,90.1,26.04868973831412,22.06035455350137,3.988335184812751
manila,2024-12-16 21:01:00.001,69.0,16.858333333333334,154.7,28.26409897180552,24.277430779516777,3.98666819228874
manila,2024-12-16 20:01:00.000,89.0,30.57,261.1,31.53026812939878,27.313431117634323,4.216837011764458
manila,2024-12-16 19:00:42.367,128.0,63.45166666666667,507.6,38.199594096165285,31.1304415102073,7.069152585957983
manila,2024-12-16 18:15:23.626,139.0,89.36166666666666,721.1,39.91851552724172,31.79000950108569,8.128506026156032
manila,2024-12-16 17:45:51.090,133.0,91.72833333333332,743.0,39.11099987460587,31.402394833643257,7.70860504096261
manila,2024-12-16 16:46:05.654,122.0,78.71333333333334,643.7,37.22629062002528,29.289666667795466,7.936623952229816
manila,2024-12-16 15:46:04.885,113.0,74.60333333333332,597.7,35.65906773250228,27.650386466537785,8.008681265964494
manila,2024-12-16 14:46:00.000,102.0,61.85,518.8,33.771725996405586,26.610977821530053,7.160748174875533
manila,2024-12-16 13:46:03.537,86.0,47.54833333333333,413.2,30.90305765539339,25.36856532644264,5.534492328950748
manila,2024-12-16 12:01:00.000,94.0,54.09,463.4,32.03650851743785,25.532307770571755,6.504200746866097
manila,2024-12-16 11:46:00.978,94.0,53.955000000000005,442.9,32.17008379382174,25.775402383022964,6.394681410798775
manila,2024-12-16 10:46:00.000,85.0,47.14666666666667,423.2,30.466613149317688,26.053968501745764,4.412644647571923
manila,2024-12-16 10:31:00.000,80.0,43.675,413.4,29.63347728986595,26.01799120273732,3.6154860871286303
manila,2024-12-16 09:01:00.000,74.0,23.115000000000002,241.1,28.41360710276443,27.38502443683862,1.0285826659258106
manila,2024-12-16 08:01:06.695,86.0,30.175,293.3,30.68978534091768,28.969410671959544,1.720374668958133
manila,2024-12-16 07:46:00.000,85.0,29.605,284.8,30.39029365104412,28.671413457321687,1.718880193722434
manila,2024-12-16 06:46:30.000,68.0,22.595000000000002,227.5,27.171616459512222,25.432086476276368,1.7395299832358546
manila,2024-12-16 06:01:30.000,49.0,11.775,127.6,23.24550727249181,21.477760080486703,1.7677471920051104
manila,2024-12-16 05:46:30.000,39.0,7.638333333333334,84.6,21.43350749216467,20.09833263074967,1.3351748614149983
manila,2024-12-16 04:46:30.000,12.0,0.965,5.3,17.051174773138335,16.49581938653781,0.5553553866005245
manila,2024-12-16 03:46:30.000,5.0,0.7983333333333333,5.5,16.13579062515071,15.48001937448171,0.6557712506690017
manila,2024-12-16 02:01:30.000,7.0,0.4966666666666667,6.9,17.07508450972694,16.177710704103422,0.8973738056235163
manila,2024-12-16 01:01:30.000,14.0,1.01,5.4,18.280646036071573,16.639760663996817,1.6408853720747558
manila,2024-12-16 00:01:00.000,32.0,3.18,20.4,21.347865086552915,17.996724164395815,3.3511409221571
manila,2024-12-15 23:01:00.000,52.0,8.93,65.1,24.7130502870659,20.04047071600468,4.67257957106122
manila,2024-12-15 22:16:00.000,58.0,12.988333333333333,103.2,25.580087131110947,21.89137701405719,3.688710117053756
manila,2024-12-15 21:01:00.000,59.0,16.031666666666666,125.8,25.94237671221012,23.05997079407,2.882405918140119
manila,2024-12-15 20:01:02.526,71.0,22.376666666666665,185.0,27.484996877323,23.65578067508739,3.8292162022356138
manila,2024-12-15 19:00:54.117,94.0,41.42166666666667,332.4,31.51695328118074,25.1450812081813,6.371872072999441
manila,2024-12-15 18:00:46.930,104.0,59.115,474.3,33.44470087402998,25.48171129698812,7.962989577041863
manila,2024-12-15 17:45:52.457,104.0,59.67166666666667,471.3,33.46518901291994,25.50186143230428,7.963327580615669
manila,2024-12-15 16:46:17.414,100.0,60.083333333333336,420.3,32.86820625802123,25.106930792975625,7.761275465045607
manila,2024-12-15 15:46:04.620,94.0,53.901666666666664,390.4,31.90799975278209,24.552470049856225,7.35552970292586
manila,2024-12-15 14:46:00.000,82.0,43.57833333333333,303.7,29.68550225525581,23.53845685722154,6.147045398034269
manila,2024-12-15 13:46:00.000,71.0,34.945,239.0,28.09981000483445,22.732355719186387,5.367454285648062
manila,2024-12-15 12:31:00.000,69.0,29.561666666666667,215.7,27.524860137615853,22.277352184830463,5.247507952785391
manila,2024-12-15 11:46:00.000,66.0,28.634999999999998,224.5,26.97914553783632,22.26953275693741,4.709612780898901
manila,2024-12-15 10:46:00.000,55.0,22.471666666666668,196.1,24.91459605859398,21.520732271549,3.393863787044978
manila,2024-12-15 09:46:00.000,40.0,14.031666666666666,127.8,22.295741279250382,20.425147275611792,1.870594003638594
manila,2024-12-15 08:46:00.000,29.0,6.738333333333333,66.6,20.262091625155865,19.107033423924992,1.1550582012308723
manila,2024-12-15 07:01:30.000,22.0,4.760000000000001,25.9,18.89687656353441,17.319630648949765,1.577245914584644
manila,2024-12-15 06:46:30.000,22.0,5.741666666666666,26.5,18.87431740486327,17.128632033053254,1.7456853718100156
manila,2024-12-15 05:46:30.000,16.0,2.5166666666666666,12.5,17.77428265966019,16.476031362580336,1.2982512970798543
manila,2024-12-15 04:01:30.000,7.0,0.7899999999999999,3.5,17.079652508584623,16.273948412411954,0.8057040961726685
manila,2024-12-15 03:01:30.000,11.0,1.23,7.3,18.05569275055856,16.697548239861394,1.3581445106971657
manila,2024-12-15 02:01:30.000,20.0,1.0683333333333331,12.8,19.384648720417253,17.174057399122628,2.210591321294625
manila,2024-12-15 01:01:00.001,38.0,4.971666666666667,32.7,22.600467897947883,17.933305025130398,4.667162872817485
manila,2024-12-15 00:01:00.000,56.0,11.313333333333333,77.6,25.56452001840734,19.79541883945881,5.7691011789485245
manila,2024-12-14 23:01:30.000,68.0,19.96833333333333,145.0,27.64686663969592,22.06804153864657,5.578825101049354
manila,2024-12-14 22:46:00.001,69.0,21.083333333333332,155.8,27.785528366785897,22.672918593635245,5.112609773150652
manila,2024-12-14 21:01:00.000,68.0,20.395,186.1,27.740367919218382,24.20647657624186,3.533891342976524
manila,2024-12-14 20:01:01.519,93.0,40.79333333333333,318.2,31.729908824841736,26.160087570471976,5.56982125436976
manila,2024-12-14 19:00:36.860,130.0,68.43,524.3,38.10601865347904,29.42928626879636,8.676732384682687
manila,2024-12-14 18:00:49.233,148.0,99.08999999999999,741.8,41.3681375548327,31.06937111170928,10.298766443123426
manila,2024-12-14 17:45:34.907,147.0,104.69333333333334,764.8,41.26964460147504,31.24125755751276,10.02838704396228
manila,2024-12-14 16:45:46.746,144.0,105.23666666666666,728.6,40.78281413761963,30.973167740712345,9.809646396907286
manila,2024-12-14 15:45:52.900,135.0,97.41666666666667,705.2,39.262756021488045,29.96150528384499,9.301250737643056
manila,2024-12-14 14:46:16.381,125.0,86.53,609.6,37.36613476246882,28.851612721320507,8.514522041148311
manila,2024-12-14 13:46:02.017,112.0,69.70666666666666,518.3,34.81346952019844,27.5228619568122,7.290607563386246
manila,2024-12-14 13:30:52.684,109.0,65.415,492.0,34.46387693934865,27.367251355087795,7.096625584260856
manila,2024-12-14 12:45:34.849,107.0,61.76166666666666,486.2,34.10556541748229,27.20629589431279,6.899269523169497
manila,2024-12-14 11:46:12.773,105.0,65.12666666666667,519.0,33.69156115940113,27.148379888587204,6.543181270813928
manila,2024-12-14 10:46:00.000,91.0,60.77833333333333,504.3,31.31221719526173,26.326056227463948,4.98616096779779
manila,2024-12-14 09:46:03.000,67.0,35.05166666666666,323.0,26.946671936880897,24.06755599547036,2.879115941410536
manila,2024-12-14 08:46:00.000,48.0,15.94,156.7,23.56296268927352,22.008576411605315,1.5543862776682076
manila,2024-12-14 07:46:30.000,37.0,8.103333333333333,71.0,21.54875276237121,20.30258252772845,1.246170234642758
manila,2024-12-14 06:46:30.001,26.0,4.156666666666667,30.4,19.426546075202648,18.502742454818875,0.9238036203837724
manila,2024-12-14 05:46:30.000,22.0,2.671666666666667,17.8,18.55535671314457,17.314259609342454,1.2410971038021152
manila,2024-12-14 05:31:30.001,19.0,1.9466666666666665,16.0,18.143308519867784,17.094508076857288,1.0488004430104958
manila,2024-12-14 04:16:30.001,13.0,0.8816666666666666,6.6,17.670018990126366,16.444093011647126,1.2259259784792391
manila,2024-12-14 03:01:30.000,20.0,2.4183333333333334,17.9,19.43318560655608,16.769882050850168,2.663303555705909
manila,2024-12-14 02:01:30.001,34.0,5.793333333333334,30.7,21.94453274504088,17.548091368950953,4.396441376089921
manila,2024-12-14 01:01:30.001,54.0,13.646666666666667,81.2,25.425676118135264,18.16441341410853,7.261262704026734
manila,2024-12-14 00:01:30.000,72.0,22.765,155.6,28.22044998491295,19.91020102786556,8.310248957047389
manila,2024-12-13 23:01:00.001,86.0,28.4,196.9,30.84903239358952,22.77618095764273,8.072851435946784
manila,2024-12-13 22:46:00.000,86.0,28.459999999999997,200.2,30.769688335231496,23.58008513695173,7.189603198279766
manila,2024-12-13 21:01:00.000,78.0,22.183333333333334,184.6,29.809171544953475,27.331717336588422,2.477454208365053
manila,2024-12-13 20:00:51.546,98.0,31.125,283.9,32.95487533901666,30.24006040621551,2.7148149328011506
manila,2024-12-13 19:00:39.614,141.0,66.24166666666666,568.2,40.545801582798106,34.71439525923849,5.831406323559612
manila,2024-12-13 18:00:45.835,159.0,102.14833333333333,794.0,43.687923699889126,35.58431188100065,8.103611818888474
manila,2024-12-13 17:45:07.112,158.0,104.71166666666666,815.3,43.38346799030356,35.28821562905958,8.095252361243979
manila,2024-12-13 16:46:04.631,153.0,105.54166666666667,789.7,42.8209275584825,33.43049129310012,9.390436265382384
manila,2024-12-13 15:46:08.663,141.0,101.63833333333334,757.2,40.44574916086145,31.59800448773372,8.847744673127735
manila,2024-12-13 14:45:52.442,131.0,93.78166666666667,694.3,38.57076782895826,29.95048123507114,8.62028659388712
manila,2024-12-13 13:46:00.001,112.0,72.83333333333333,576.3,35.33104222635033,28.216238203532853,7.114804022817474
manila,2024-12-13 13:00:43.080,107.0,60.245,506.9,34.43325687345561,27.557126595228382,6.8761302782272296
manila,2024-12-13 12:16:11.471,115.0,73.97833333333332,598.3,35.8941945755573,27.89512577198673,7.9990688035705695
manila,2024-12-13 11:46:00.000,113.0,70.87166666666667,598.4,35.52910717540042,28.115957775041643,7.413149400358776
manila,2024-12-13 10:46:00.000,100.0,60.72833333333333,544.5,33.31757569144066,27.807791580656897,5.509784110783762
manila,2024-12-13 09:46:00.000,82.0,37.27166666666667,363.2,30.093377569536884,26.79301318808793,3.3003643814489543
manila,2024-12-13 08:01:06.271,82.0,32.29333333333333,299.1,30.110446152183865,27.04779065954965,3.06265549263421
manila,2024-12-13 07:46:00.000,79.0,29.871666666666666,281.6,29.563524188262846,26.81098995491522,2.7525342333476246
manila,2024-12-13 06:46:30.001,58.0,18.998333333333335,178.3,25.69793636691914,23.61472038496015,2.0832159819589897
manila,2024-12-13 05:46:30.000,34.0,5.091666666666667,40.3,20.993107617366707,19.380484428273505,1.6126231890932026
manila,2024-12-13 05:01:30.001,16.0,3.5383333333333336,16.7,17.939464465498872,17.192468107248345,0.7469963582505272
manila,2024-12-13 04:46:30.000,13.0,2.425,10.5,17.36112538374575,16.637396146286065,0.7237292374596862
manila,2024-12-13 03:31:30.000,8.0,1.925,9.0,16.97867965973645,16.097431174506966,0.8812484852294844
manila,2024-12-13 02:01:30.001,13.0,1.3150000000000002,9.2,18.12986925658054,16.68002454896572,1.4498447076148224
manila,2024-12-13 01:01:30.001,28.0,2.9283333333333332,17.5,20.801364088463515,17.333378915668924,3.467985172794592
manila,2024-12-13 00:01:30.000,49.0,10.004999999999999,74.1,24.52765901854832,18.90445726096928,5.623201757579043
manila,2024-12-12 23:01:30.000,65.0,14.883333333333333,110.1,27.27507667029058,20.960316058080345,6.314760612210236
manila,2024-12-12 22:01:30.000,69.0,16.29,132.6,28.17360360793393,23.714854251403068,4.458749356530866
manila,2024-12-12 21:01:00.000,77.0,21.05666666666667,176.5,29.47408731231981,25.80044224795886,3.673645064360951
manila,2024-12-12 20:01:03.373,99.0,33.24,296.1,33.22728110263387,28.854169186175152,4.373111916458715
manila,2024-12-12 19:00:35.240,142.0,71.68666666666667,606.8,40.87454773577655,33.395190591032765,7.47935714474378
manila,2024-12-12 18:16:03.009,155.0,99.39333333333335,791.4,42.75765013328935,33.999958909016655,8.75769122427269
manila,2024-12-12 17:45:22.138,150.0,106.53999999999999,830.4,42.033779350306766,33.5435365240351,8.490242826271668
manila,2024-12-12 16:46:04.651,138.0,88.62333333333332,702.6,40.27048671560405,31.84073384423576,8.429752871368297
manila,2024-12-12 15:46:08.710,130.0,82.36833333333334,624.2,38.64493453544489,30.12039246783172,8.524542067613169
manila,2024-12-12 14:46:02.107,121.0,77.67166666666667,601.2,37.19659255979058,29.110295515751304,8.086297044039277
manila,2024-12-12 13:46:00.000,104.0,62.46333333333334,511.9,34.14951066578874,27.596843865778634,6.552666800010105
manila,2024-12-12 13:01:30.185,103.0,55.455000000000005,472.0,33.788087349483654,27.146596807496664,6.64149054198699
manila,2024-12-12 12:01:00.000,108.0,67.35,568.4,34.71930494377566,27.956360771548795,6.762944172226867
manila,2024-12-12 11:16:00.001,109.0,63.53666666666666,542.1,34.7253090202619,28.40740903794995,6.317899982311953
manila,2024-12-12 10:46:00.001,102.0,60.85166666666667,541.2,33.52824072748781,28.476881650110435,5.051359077377377
manila,2024-12-12 09:01:04.838,87.0,36.09,337.3,30.861029505447178,28.62850047697053,2.232529028476648
manila,2024-12-12 08:01:02.923,92.0,36.87,341.7,31.97095107521228,29.16129900708064,2.8096520681316406
manila,2024-12-12 07:46:01.864,88.0,37.416666666666664,338.8,31.3702238414983,28.861303315417505,2.5089205260807965
manila,2024-12-12 07:01:00.000,74.0,30.248333333333335,277.5,28.85111397867414,26.21009402543216,2.641019953241983
manila,2024-12-12 06:46:30.000,68.0,24.376666666666665,233.9,27.388377851222284,24.97644704462616,2.411930806596125
manila,2024-12-12 05:46:30.000,36.0,7.505,64.4,21.446396979815248,19.97585586340854,1.4705411164067073
manila,2024-12-12 04:46:30.000,11.0,1.505,9.5,17.214297738792364,16.724237722800005,0.4900600159923591
manila,2024-12-12 03:01:30.000,7.0,1.2133333333333334,5.6,16.941932910223116,16.146243368555677,0.7956895416674392
manila,2024-12-12 02:01:30.000,12.0,1.5150000000000001,17.1,17.97311428449946,16.669911429052487,1.3032028554469726
manila,2024-12-12 01:01:30.000,26.0,3.2766666666666664,24.3,20.579518448136987,17.275959623912915,3.3035588242240728
manila,2024-12-12 00:01:30.000,45.0,6.8516666666666675,50.9,23.95867364733909,18.815147740644203,5.143525906694887
manila,2024-12-11 23:01:00.000,67.0,16.326666666666668,118.2,27.78741859978905,21.091330575280217,6.696088024508828
manila,2024-12-11 22:16:00.000,70.0,18.455,141.7,28.28947364520684,23.300610261932576,4.988863383274261
manila,2024-12-11 21:01:30.000,78.0,20.3,174.7,29.71633734404902,25.92786854160273,3.788468802446282
manila,2024-12-11 20:01:00.000,108.0,34.04833333333333,305.1,34.98818324581635,29.33854863244356,5.649634613372793
manila,2024-12-11 19:01:04.484,153.0,77.855,634.2,43.03440569185529,33.82515068736487,9.209255004490425
manila,2024-12-11 18:15:25.938,164.0,105.45833333333333,808.6,44.568436848845,34.46653951407788,10.101897334767116
manila,2024-12-11 17:45:22.731,158.0,110.72833333333332,838.2,43.4820944651824,33.71023436359974,9.77186010158266
manila,2024-12-11 16:45:55.461,145.0,93.68666666666667,705.5,41.588515628287546,32.06234339976484,9.526172228522704
manila,2024-12-11 15:46:06.441,133.0,86.46666666666667,664.0,39.25047004727551,30.1856270082102,9.064843039065316
manila,2024-12-11 14:46:04.476,119.0,75.09333333333333,603.7,36.943491944035706,29.120300839956084,7.823191104079623
manila,2024-12-11 13:01:01.246,104.0,50.585,434.5,34.07138400371827,27.241664130533508,6.829719873184764
manila,2024-12-11 12:01:00.000,111.0,67.76333333333334,565.6,35.08353216577398,27.845915592908305,7.237616572865676
manila,2024-12-11 11:46:00.000,112.0,69.58,575.7,35.2043144103017,28.145426136764584,7.058888273537114
manila,2024-12-11 11:16:00.000,110.0,66.56666666666666,568.5,34.84646791716512,28.51773277671885,6.328735140446266
manila,2024-12-11 10:46:00.000,107.0,61.52833333333333,542.3,34.20471304945999,28.6084803926857,5.596232656774291
manila,2024-12-11 09:01:00.000,104.0,40.165,371.1,33.93796335003052,29.58765439647256,4.350308953557963
manila,2024-12-11 08:16:00.000,105.0,45.79333333333333,402.4,34.31055400006714,29.878263517968897,4.432290482098246
manila,2024-12-11 07:46:00.001,99.0,44.47166666666667,387.5,33.227236572584424,28.970022466454004,4.257214106130419
manila,2024-12-11 06:46:30.000,76.0,30.18,270.8,28.91268137525548,25.090164697723164,3.8225166775323096
manila,2024-12-11 05:46:30.000,43.0,8.758333333333333,74.2,22.480604540717263,20.01691497890414,2.4636895618131263
manila,2024-12-11 04:46:30.000,16.0,1.625,11.6,18.02244039366421,16.809156821990413,1.2132835716738022
manila,2024-12-11 03:01:30.000,13.0,1.4733333333333334,11.6,17.75916919925796,16.007457453882054,1.751711745375907
manila,2024-12-11 02:01:30.000,18.0,2.1516666666666664,16.8,18.79276926634592,16.480333213413296,2.3124360529326218
manila,2024-12-11 01:01:30.000,29.0,3.48,33.9,21.066557326087928,17.165308584263016,3.901248741824912
manila,2024-12-11 00:01:30.000,38.0,5.335,38.8,22.84520466825611,18.68852348852592,4.156681179730192
manila,2024-12-10 23:01:00.000,58.0,12.668333333333333,98.0,26.287902388279328,20.715446245014043,5.572456143265285
manila,2024-12-10 22:01:00.000,64.0,13.276666666666667,109.7,27.219815638793,23.38576866938748,3.83404696940552
manila,2024-12-10 21:01:30.000,77.0,19.075,169.4,29.46054849456725,25.79940021217704,3.661148282390215
manila,2024-12-10 20:01:00.000,108.0,33.78666666666667,287.6,34.89280293923434,29.52523955653804,5.367563382696304
manila,2024-12-10 19:01:01.519,147.0,71.55166666666668,590.3,42.20359999291648,34.322197351111555,7.881402641804925
manila,2024-12-10 18:15:16.181,153.0,94.395,763.9,42.84073830676438,34.63162728954917,8.209111017215207
manila,2024-12-10 17:46:02.687,148.0,101.25666666666666,791.9,41.85975985044439,33.942496337982966,7.917263512461425
manila,2024-12-10 16:46:07.651,133.0,83.99833333333332,672.6,39.35527946872185,31.76525783556322,7.590021633158628
manila,2024-12-10 15:46:04.486,121.0,79.975,604.1,37.22835625206521,29.75596659209533,7.472389659969881
manila,2024-12-10 14:46:06.919,112.0,73.07,586.0,35.665485894140915,28.664817832802704,7.00066806133821
manila,2024-12-10 13:01:00.000,100.0,52.556666666666665,473.0,33.52155083350796,27.06912470015217,6.452426133355793
manila,2024-12-10 12:01:00.560,103.0,61.915,534.4,33.72868704485607,27.728172693997948,6.000514350858126
manila,2024-12-10 11:46:00.001,104.0,60.68,518.0,33.84677770119792,28.119964065303847,5.726813635894075
manila,2024-12-10 10:46:00.000,100.0,53.163333333333334,495.1,33.24497110078048,28.98417398750532,4.26079711327516
manila,2024-12-10 09:01:06.161,99.0,38.288333333333334,357.1,33.17983084263681,30.274522625351604,2.9053082172852065
manila,2024-12-10 08:16:01.063,103.0,40.43333333333333,366.9,33.9435666238017,30.646139555630377,3.297427068171324
manila,2024-12-10 07:46:00.001,98.0,42.99333333333333,392.5,33.057801999663894,29.963658988211883,3.094143011452012
manila,2024-12-10 06:46:30.001,70.0,25.509999999999998,232.9,27.87241519893513,25.634715437769696,2.237699761165434
manila,2024-12-10 05:46:30.000,38.0,8.001666666666667,72.0,21.5166908855686,20.09284295304993,1.4238479325186617
manila,2024-12-10 04:46:30.001,11.0,1.1983333333333335,10.3,17.035657719006053,16.59656553316235,0.4390921858437018
manila,2024-12-10 03:31:30.000,6.0,0.7799999999999999,5.1,16.49001558281079,15.776434261401974,0.7135813214088174
manila,2024-12-10 02:01:30.001,7.0,0.6483333333333333,8.4,17.028619706689128,16.267042800797647,0.7615769058914807
manila,2024-12-10 01:01:30.000,14.0,0.8866666666666667,5.7,18.371032471929777,16.79402008602635,1.5770123859034264
manila,2024-12-10 00:01:30.000,25.0,2.765,20.0,20.48699246400197,18.047601341600977,2.4393911224009948
manila,2024-12-09 23:01:00.000,44.0,5.7733333333333325,47.0,23.683874456026142,19.793018576235507,3.890855879790639
manila,2024-12-09 22:01:00.000,58.0,9.413333333333332,81.4,26.18611273682172,22.096309466051423,4.089803270770293
manila,2024-12-09 21:01:00.000,69.0,14.033333333333333,123.8,28.24144784824499,24.401122538786247,3.840325309458745
manila,2024-12-09 20:01:00.000,86.0,25.64333333333333,225.4,31.17392755292894,27.56891126264961,3.6050162902793295
manila,2024-12-09 19:00:47.557,125.0,53.96333333333334,445.9,37.913684240505326,31.428673761533112,6.485010478972214
manila,2024-12-09 18:15:15.762,134.0,80.25166666666668,681.8,39.09632063428264,31.747228872320807,7.349091761961827
manila,2024-12-09 17:46:00.012,129.0,85.66000000000001,729.4,38.129278049751385,30.98593199272454,7.143346057026843
manila,2024-12-09 16:45:56.917,111.0,65.075,585.3,35.48536785558619,29.535929521067047,5.949438334519144
manila,2024-12-09 15:46:00.000,102.0,60.78333333333333,504.9,33.70581747950647,27.721397685307338,5.984419794199134
manila,2024-12-09 14:46:00.355,92.0,54.86,471.5,32.26346038215664,26.841899388732458,5.42156099342418
manila,2024-12-09 13:46:00.000,80.0,43.34166666666667,384.1,30.00807822914128,25.6161705029578,4.391907726183479
manila,2024-12-09 12:01:00.000,82.0,44.88666666666666,387.8,30.260842742059527,25.725446414254275,4.535396327805252
manila,2024-12-09 11:46:00.000,83.0,43.425,388.5,30.246657065231474,25.849552515207176,4.397104550024299
manila,2024-12-09 10:46:00.000,79.0,38.67666666666666,395.0,29.381237528910724,26.07830592512863,3.302931603782092
manila,2024-12-09 10:31:00.000,76.0,35.97833333333333,361.3,28.931732116844152,26.117607307015334,2.8141248098288187
manila,2024-12-09 09:01:00.000,77.0,23.93166666666667,248.1,29.238870176214323,27.736401679713907,1.5024684965004165
manila,2024-12-09 08:01:03.925,90.0,31.525,302.0,31.453437974071,29.22090879587264,2.2325291781983623
manila,2024-12-09 07:46:00.001,88.0,33.04833333333333,308.5,30.98626716657288,29.02152948964782,1.9647376769250544
manila,2024-12-09 06:46:30.001,70.0,24.836666666666666,263.1,27.47433339855809,25.62031898394657,1.8540144146115232
manila,2024-12-09 05:46:30.000,40.0,8.003333333333334,91.2,21.54765142458369,20.17540192519305,1.372249499390641
manila,2024-12-09 04:46:30.000,11.0,0.95,10.0,16.75060592165816,16.474481027412835,0.2761248942453242
manila,2024-12-09 03:01:30.000,3.0,0.4066666666666666,4.8,16.201405392867343,15.713759622837626,0.487645770029717
manila,2024-12-09 02:01:30.000,5.0,0.48333333333333334,3.2,16.719561921225147,16.06489750026136,0.6546644209637869
manila,2024-12-09 01:01:30.000,12.0,0.35833333333333334,3.5,17.81433003514907,16.47233283467713,1.3419972004719405
manila,2024-12-09 00:01:30.000,28.0,2.085,13.7,20.54004839482641,17.968594640405698,2.571453754420713
manila,2024-12-08 23:01:00.001,50.0,7.1016666666666675,49.6,24.11655838266682,19.97501204127065,4.141546341396172
manila,2024-12-08 22:01:00.000,58.0,11.506666666666666,101.3,25.55986152740322,22.05345873202857,3.506402795374651
manila,2024-12-08 21:01:00.000,67.0,14.708333333333334,135.0,26.892376837015213,22.749150249653944,4.143226587361269
manila,2024-12-08 20:01:05.226,79.0,22.763333333333332,205.2,28.988717887825448,23.770264698909248,5.2184531889162
manila,2024-12-08 19:00:39.175,95.0,39.62,343.3,31.67321411886931,25.096519484027134,6.576694634842177
manila,2024-12-08 18:00:31.295,105.0,59.190000000000005,475.4,33.38731005206408,25.421448211666416,7.965861840397665
manila,2024-12-08 17:45:43.947,102.0,59.60333333333333,486.1,33.02521184039025,25.407171891664625,7.618039948725624
manila,2024-12-08 16:45:46.514,91.0,46.440000000000005,360.4,31.33981638016957,25.08253534032675,6.25728103984282
manila,2024-12-08 15:46:15.451,86.0,40.919999999999995,308.1,30.57095029491588,24.67108146535284,5.899868829563037
manila,2024-12-08 14:46:05.118,76.0,35.848333333333336,244.6,28.86578487077657,23.65092762536065,5.214857245415921
manila,2024-12-08 13:46:00.000,68.0,26.685,198.8,27.39366610151258,22.670039767658096,4.723626333854483
manila,2024-12-08 12:46:03.065,63.0,23.078333333333333,174.2,26.59784610783433,22.33868734571007,4.259158762124258
manila,2024-12-08 11:46:00.000,59.0,20.58833333333333,170.6,25.81355087314219,22.284742150057607,3.528808723084584
manila,2024-12-08 10:46:00.000,52.0,20.525,166.3,24.48803454234193,21.662476103753548,2.8255584385883843
manila,2024-12-08 09:46:00.000,39.0,13.478333333333333,122.5,22.18171232939293,20.45915033376728,1.7225619956256502
manila,2024-12-08 08:46:00.000,29.0,7.666666666666667,70.9,20.351244630740712,19.20719114139732,1.1440534893433956
manila,2024-12-08 07:46:30.000,19.0,2.5866666666666664,22.6,18.553811932866125,17.872295376429157,0.6815165564369678
manila,2024-12-08 06:01:00.001,14.0,1.3,9.4,17.793592514671758,16.868709412778088,0.9248831018936698
manila,2024-12-08 05:46:30.000,14.0,1.3366666666666667,5.5,17.74100454776359,16.81002894363155,0.9309756041320404
manila,2024-12-08 04:01:30.000,7.0,0.9700000000000001,5.9,17.30054862661483,16.597721674005726,0.7028269526091044
manila,2024-12-08 03:01:30.000,11.0,1.2733333333333334,7.7,17.86140795874146,16.662321664097203,1.1990862946442569
manila,2024-12-08 02:01:30.000,25.0,3.18,22.0,20.33281268302856,17.321256395289623,3.011556287738937
manila,2024-12-08 01:01:00.000,42.0,8.16,58.7,23.1914863975336,17.93664668528733,5.254839712246273
manila,2024-12-08 00:01:00.001,60.0,14.21,96.6,26.162633865275616,19.729351022391583,6.433282842884033
manila,2024-12-07 23:01:00.001,70.0,19.223333333333336,161.5,27.98201469258297,22.090312960084976,5.891701732497996
manila,2024-12-07 22:46:00.000,70.0,19.40666666666667,137.4,27.96046009192672,22.652474790218392,5.307985301708321
manila,2024-12-07 21:01:01.374,73.0,21.53666666666667,212.7,28.37996228271148,24.12039588820107,4.259566394510408
manila,2024-12-07 20:01:06.740,103.0,39.68,340.2,33.75663556637784,26.660476781402544,7.096158784975295
manila,2024-12-07 19:00:33.747,142.0,75.53333333333333,597.8,40.4469023267482,29.753848235284885,10.693054091463315
manila,2024-12-07 18:00:45.733,156.0,117.16833333333334,851.4,42.97267283420695,31.243072727003906,11.729600107203048
manila,2024-12-07 17:46:00.269,154.0,112.23333333333333,825.8,42.60895266515836,31.44356306179853,11.16538960335982
manila,2024-12-07 16:45:50.884,139.0,93.41000000000001,692.9,39.855881675552666,30.946386529278705,8.909495146273962
manila,2024-12-07 15:45:53.802,134.0,89.42,648.8,39.04729458523174,30.01382604627739,9.033468538954349
manila,2024-12-07 14:45:31.834,124.0,79.23166666666665,605.7,37.11536328037959,28.91556452079537,8.199798759584215
manila,2024-12-07 13:45:53.530,106.0,69.71166666666666,535.3,34.1265884118471,27.81246797056027,6.314120441286832
manila,2024-12-07 12:31:02.107,104.0,68.89833333333333,515.9,33.5392877770493,27.223197395905263,6.31609038114404
manila,2024-12-07 12:16:10.778,103.0,72.23833333333333,523.7,33.235742965974794,27.147991739200613,6.087751226774181
manila,2024-12-07 11:45:42.318,101.0,69.64833333333333,532.8,32.95446817658022,27.14860078425952,5.8058673923207
manila,2024-12-07 10:46:06.002,90.0,58.14333333333333,487.8,31.043258972878466,26.38059095988816,4.662668012990309
manila,2024-12-07 09:46:00.001,68.0,32.858333333333334,293.9,27.26139511924781,24.263564537567127,2.997830581680681
manila,2024-12-07 08:46:00.000,51.0,16.341666666666665,166.6,24.06431222222748,22.05096874926042,2.0133434729670583
manila,2024-12-07 07:46:30.000,42.0,9.368333333333334,89.6,22.58886184554656,20.45544054278602,2.1334213027605315
manila,2024-12-07 06:46:30.000,35.0,6.466666666666667,54.6,20.94275600585798,18.68029395677451,2.262462049083471
manila,2024-12-07 06:16:30.000,31.0,3.7,38.6,20.23824720164868,18.10759542165097,2.1306517799977094
manila,2024-12-07 05:46:30.000,27.0,3.0116666666666663,28.1,19.71018049989883,17.6386851662727,2.071495333626128
manila,2024-12-07 04:46:30.000,18.0,1.3483333333333334,14.2,18.18257083798671,16.521374782537308,1.661196055449402
manila,2024-12-07 03:01:30.000,15.0,1.6700000000000002,14.4,18.404862157466304,16.70333539601049,1.7015267614558134
manila,2024-12-07 02:01:30.001,24.0,2.658333333333333,24.1,20.28130362988412,17.432655355805526,2.848648274078595
manila,2024-12-07 01:01:30.000,48.0,8.604999999999999,58.8,24.16593968719559,18.026318847040383,6.139620840155207
manila,2024-12-07 00:01:00.000,71.0,16.148333333333333,115.3,28.26583442112402,20.18498474302204,8.080849678101977
manila,2024-12-06 23:01:00.001,87.0,27.913333333333334,195.2,30.823395793193946,22.74176350265593,8.081632290538014
manila,2024-12-06 22:31:00.000,91.0,31.591666666666665,228.1,31.60538169350612,24.33547718334537,7.269904510160753
manila,2024-12-06 21:01:00.001,95.0,27.763333333333332,240.7,32.403373581629296,27.07020857016992,5.333165011459375
manila,2024-12-06 20:00:58.403,122.0,45.855000000000004,417.0,37.26147396502122,30.348773063005908,6.91270090201531
manila,2024-12-06 19:00:16.888,164.0,87.475,671.5,44.75987979149278,34.55360090975352,10.20627888173926
manila,2024-12-06 18:14:58.986,177.0,120.885,899.5,46.81540023931957,35.37704671755193,11.438353521767644
manila,2024-12-06 17:59:53.455,176.0,125.53166666666667,910.9,46.581501661170336,35.201297783341104,11.380203877829231
manila,2024-12-06 16:46:00.291,162.0,117.20166666666667,858.6,44.13391149303866,33.18877320998317,10.945138283055492
manila,2024-12-06 15:46:14.283,144.0,103.52,767.0,41.078112505090125,31.43333844263404,9.644774062456086
manila,2024-12-06 14:46:15.822,128.0,88.27333333333333,683.0,38.260543833085,30.069368355727008,8.191175477357994
manila,2024-12-06 13:46:30.001,105.0,64.25666666666667,539.1,34.06077528463711,28.19602516620907,5.8647501184280415
manila,2024-12-06 12:01:00.000,108.0,72.4,571.3,34.39742786860083,27.8461595555755,6.551268313025329
manila,2024-12-06 11:46:01.976,106.0,71.81333333333333,554.9,34.13204001671932,27.89938347188957,6.232656544829744
manila,2024-12-06 10:46:00.001,99.0,57.24333333333333,523.3,32.943824297184385,27.80311592337267,5.140708373811716
manila,2024-12-06 09:01:00.000,87.0,33.05833333333333,313.4,31.051464521874067,26.75813478928655,4.293329732587516
manila,2024-12-06 08:01:00.000,90.0,39.056666666666665,361.2,31.56610546848659,26.873242900639287,4.692862567847303
manila,2024-12-06 07:46:00.000,87.0,39.193333333333335,352.0,31.026512057166165,26.58126260626612,4.445249450900043
manila,2024-12-06 06:46:30.000,64.0,24.203333333333333,214.1,26.938162534921386,23.72242275202149,3.215739782899888
manila,2024-12-06 06:01:30.000,44.0,9.055,86.9,22.720161569114616,20.380210004097385,2.339951565017234
manila,2024-12-06 05:46:30.000,37.0,7.48,70.4,21.47183149114575,19.358164416298504,2.113667074847246
manila,2024-12-06 04:46:30.000,12.0,2.0633333333333335,14.0,17.398605947167123,16.767914690485913,0.6306912566812102
manila,2024-12-06 03:01:30.000,10.0,1.3616666666666668,8.0,17.255327004875312,16.00699078681328,1.2483362180620323
manila,2024-12-06 02:01:30.000,15.0,2.1283333333333334,15.4,18.46191416190178,16.689194715738928,1.7727194461628528
manila,2024-12-06 01:01:30.001,28.0,2.6116666666666664,28.6,20.768177455323247,17.301392956759432,3.4667844985638148
manila,2024-12-06 00:01:30.000,50.0,9.518333333333334,65.3,24.879495115839102,18.98069743138311,5.898797684455996
manila,2024-12-05 23:01:00.000,69.0,18.508333333333333,125.2,27.98960468017696,21.005666624314404,6.983938055862549
manila,2024-12-05 22:01:30.001,71.0,18.209999999999997,135.1,28.488198090978955,23.63809644547701,4.850101645501944
manila,2024-12-05 21:01:00.000,79.0,23.6,182.9,29.7959997009038,25.73474551078334,4.061254190120454
manila,2024-12-05 20:01:00.000,99.0,34.59,281.8,33.40397787751077,28.884846048704983,4.519131828805783
manila,2024-12-05 19:00:51.675,142.0,64.84,547.6,40.83573351526412,33.210159057704644,7.625574457559473
manila,2024-12-05 18:15:49.603,152.0,95.70166666666667,765.5,42.510437565044576,34.148869294651206,8.36156827039337
manila,2024-12-05 17:46:03.533,147.0,98.625,794.3,41.76407957826999,33.74565135244877,8.018428225821218
manila,2024-12-05 16:46:21.114,134.0,85.16833333333334,686.2,39.46182088953631,31.74070236810586,7.721118521430451
manila,2024-12-05 15:46:00.000,121.0,76.77833333333334,616.2,37.05359332312781,29.98017720121621,7.073416121911588
manila,2024-12-05 14:46:00.000,108.0,65.76166666666667,536.1,34.94782808611339,28.86128136285201,6.086546723261378
manila,2024-12-05 13:46:00.000,94.0,50.73833333333334,427.5,32.28549558540713,27.375401444752622,4.910094140654508
manila,2024-12-05 12:01:00.001,99.0,55.455000000000005,462.8,33.16532908992849,27.80883540562221,5.35649368430628
manila,2024-12-05 11:16:00.001,101.0,56.818333333333335,495.8,33.4494977687332,28.34324009483007,5.106257673903134
manila,2024-12-05 10:46:00.000,98.0,53.885,491.3,32.8689918121508,28.32086687458353,4.548124937567266
manila,2024-12-05 09:01:00.728,94.0,37.05333333333333,351.1,32.02544851710741,28.51036366012657,3.515084856980838
manila,2024-12-05 08:01:02.875,96.0,42.83166666666667,373.7,32.82585554655557,29.040456434745792,3.785399111809781
manila,2024-12-05 07:46:00.000,92.0,40.89666666666667,360.6,32.15610466767969,28.684805615501546,3.47129905217815
manila,2024-12-05 06:46:30.000,67.0,26.305,231.6,27.359686130925965,24.907516108264343,2.452170022661619
manila,2024-12-05 05:46:30.000,36.0,6.066666666666666,59.3,21.36994229385502,19.970257061162823,1.399685232692196
manila,2024-12-05 05:31:30.000,27.0,4.428333333333333,43.9,19.716487830960546,18.78247071476082,0.9340171161997226
manila,2024-12-05 04:46:30.000,11.0,1.1166666666666667,8.8,16.877169702428066,16.451322445537123,0.4258472568909432
manila,2024-12-05 03:01:30.000,6.0,0.8433333333333334,13.9,16.695985755937144,16.014534552561972,0.6814512033751718
manila,2024-12-05 02:01:30.000,9.0,0.9966666666666666,5.7,17.546422596258672,16.60279577403259,0.9436268222260829
manila,2024-12-05 01:01:31.054,17.0,1.5683333333333331,10.8,18.95475063667574,17.16162088358328,1.7931297530924617
manila,2024-12-05 00:01:30.000,35.0,5.116666666666666,32.9,22.168216890718963,18.670517574804883,3.49769931591408
manila,2024-12-04 23:01:30.001,56.0,10.431666666666667,87.3,25.793737560521016,20.898634810554046,4.89510274996697
manila,2024-12-04 22:01:00.000,62.0,11.111666666666668,94.5,26.91273068263243,23.50936222836388,3.4033684542685485
manila,2024-12-04 21:01:00.000,78.0,18.896666666666665,170.3,29.585762696541785,25.72765819475461,3.8581045017871753
manila,2024-12-04 20:01:00.944,104.0,35.27833333333333,313.4,34.18021455715544,29.0993570970044,5.080857460151037
manila,2024-12-04 19:01:04.543,147.0,70.22833333333332,579.2,41.82996486602994,33.49103177398878,8.33893309204116
manila,2024-12-04 18:15:23.198,156.0,98.68,778.0,43.10468601908514,34.10891534075925,8.99577067832589
manila,2024-12-04 17:45:49.238,152.0,106.33166666666666,830.8,42.453700678823765,33.50915895017622,8.944541728647543
manila,2024-12-04 17:31:00.488,146.0,100.40666666666667,805.6,41.38278629633043,33.07566575399783,8.307120542332598
manila,2024-12-04 16:46:06.541,138.0,83.675,664.4,40.29572014151014,31.72681150488861,8.56890863662153
manila,2024-12-04 15:46:06.281,130.0,82.68666666666667,629.8,38.91979002298151,30.020958419756365,8.898831603225144
manila,2024-12-04 14:46:03.526,114.0,71.57833333333333,580.5,35.885821347247926,28.5990773325647,7.286744014683226
manila,2024-12-04 13:46:03.202,97.0,52.20333333333333,461.1,32.95967382272041,27.47086960525933,5.488804217461073
manila,2024-12-04 12:01:00.000,99.0,54.56333333333334,478.9,33.12735917283432,27.982332997322946,5.145026175511376
manila,2024-12-04 11:01:02.487,102.0,52.531666666666666,480.8,33.801364506917125,28.820448562523787,4.980915944393338
manila,2024-12-04 10:46:00.000,102.0,53.16,485.5,33.738055263534406,28.89297552996069,4.845079733573712
manila,2024-12-04 09:01:00.000,98.0,37.325,340.6,32.821965779985874,29.446276518045448,3.375689261940426
manila,2024-12-04 08:01:04.045,99.0,41.17666666666666,367.8,33.433499860826416,29.732733570345605,3.7007662904808094
manila,2024-12-04 07:46:00.000,94.0,39.75833333333333,349.3,32.58968023893124,29.145225352822827,3.44445488610841
manila,2024-12-04 06:46:30.000,69.0,26.540000000000003,252.7,27.798693832049675,25.160212311184257,2.638481520865419
manila,2024-12-04 05:46:30.001,36.0,6.98,66.7,21.37498268393661,20.0164601338602,1.3585225500764224
manila,2024-12-04 05:16:30.000,19.0,2.065,18.1,18.61681140300964,18.18289118248863,0.43392022052101
manila,2024-12-04 04:46:30.000,10.0,0.7933333333333333,5.8,17.01206851615662,16.75885356940103,0.2532149467555911
manila,2024-12-04 03:01:30.000,5.0,0.47833333333333333,8.0,16.572903089492506,16.013705448713903,0.5591976407786028
manila,2024-12-04 02:01:30.000,8.0,0.7533333333333334,15.3,17.17959337686146,16.411959016455533,0.7676343604059284
manila,2024-12-04 01:01:30.000,15.0,1.4466666666666665,11.2,18.63922132049475,17.091832630891947,1.5473886896028048
manila,2024-12-04 00:01:30.000,31.0,4.24,29.7,21.54488886547916,18.49717709301952,3.047711772459639
manila,2024-12-03 23:01:30.001,51.0,7.8566666666666665,62.8,24.91937094524046,20.62324941483965,4.296121530400811
manila,2024-12-03 22:01:00.001,62.0,11.315,96.3,26.94750711322741,23.36801945053284,3.5794876626945644
manila,2024-12-03 21:01:00.000,78.0,19.801666666666666,164.1,29.588040293189483,25.596255828870085,3.991784464319398
manila,2024-12-03 20:01:03.560,105.0,36.21333333333334,311.2,34.3865777097863,29.13766451478105,5.248913195005251
manila,2024-12-03 19:00:28.671,143.0,69.36,568.1,41.38165521733065,33.68090615188267,7.700749065447987
manila,2024-12-03 18:15:55.956,152.0,92.49,748.1,42.611189550676,34.4399894559776,8.1712000946984
manila,2024-12-03 17:45:51.861,146.0,97.95333333333333,799.1,41.398085394674105,33.55266084266801,7.845424552006094
manila,2024-12-03 17:01:00.000,127.0,74.72166666666666,628.9,38.16659329861268,31.84565688061316,6.320936417999516
manila,2024-12-03 16:46:06.565,127.0,74.36999999999999,614.2,38.17785952276965,31.39895505422318,6.778904468546472
manila,2024-12-03 15:46:00.001,115.0,68.87166666666667,562.2,36.210191376653135,29.702253885453427,6.5079374911997085
manila,2024-12-03 14:46:00.000,106.0,63.08833333333334,522.7,34.46996992441949,28.33429279433089,6.135677130088595
manila,2024-12-03 13:46:00.000,93.0,49.93666666666666,421.5,32.380338548586906,27.360275401528547,5.020063147058359
manila,2024-12-03 12:01:00.000,100.0,57.34166666666667,512.0,33.422656149779776,27.883413090539428,5.5392430592403485
manila,2024-12-03 11:01:00.000,103.0,57.21333333333334,500.6,33.77710182827165,28.653876488753525,5.123225339518122
manila,2024-12-03 10:46:00.000,102.0,54.63333333333333,502.9,33.46640058210362,28.63859428523296,4.827806296870655
manila,2024-12-03 09:01:00.000,103.0,41.1,370.1,33.81003747359487,29.803256400329595,4.006781073265273
manila,2024-12-03 08:01:00.000,111.0,52.82166666666667,448.4,35.62558510782707,30.33429937003549,5.291285737791576
manila,2024-12-03 07:46:00.000,107.0,54.60666666666667,453.7,34.85208847320116,29.71014661178912,5.141941861412043
manila,2024-12-03 06:46:30.000,81.0,36.34166666666667,318.8,29.74176966986985,25.400124875882582,4.341644793987264
manila,2024-12-03 05:46:30.000,45.0,9.468333333333334,93.1,22.771766425551103,20.020094655004826,2.751671770546277
manila,2024-12-03 04:46:30.000,18.0,1.2583333333333333,16.1,17.921776397509202,16.507948569926164,1.413827827583038
manila,2024-12-03 04:01:30.001,12.0,0.8116666666666668,16.4,16.904375180139347,15.483310709178769,1.4210644709605802
manila,2024-12-03 03:31:32.102,11.0,1.2733333333333334,14.7,17.15156604197873,15.614500576896296,1.5370654650824314
manila,2024-12-03 02:31:30.000,11.0,1.66,11.8,17.5183772566083,16.01974178586865,1.49863547073965
manila,2024-12-03 01:01:30.000,14.0,1.0816666666666668,7.7,18.289081188713705,16.711601661789274,1.5774795269244315
manila,2024-12-03 00:01:30.001,23.0,1.2666666666666666,9.6,19.789782755242232,17.774943142906693,2.014839612335539
manila,2024-12-02 23:01:30.000,37.0,3.716666666666667,26.2,22.427306218439465,19.701482289958893,2.725823928480569
manila,2024-12-02 22:01:30.000,45.0,5.551666666666667,55.4,23.97263242568496,21.9841760955177,1.98845633016726
manila,2024-12-02 21:01:00.000,61.0,11.606666666666666,104.9,26.600066272483573,24.15646646574894,2.443599806734632
manila,2024-12-02 20:01:04.744,85.0,24.44333333333333,220.9,30.932504552639344,27.575504392260505,3.3570001603788384
manila,2024-12-02 19:01:03.605,121.0,53.473333333333336,439.3,37.32490814501289,31.45579961171039,5.8691085333025015
manila,2024-12-02 18:00:55.094,135.0,86.76666666666667,690.4,39.518171939609935,31.865431263315305,7.652740676294631
manila,2024-12-02 17:45:45.491,133.0,91.175,733.3,39.0507105193888,31.38059352282193,7.670116996566872
manila,2024-12-02 16:46:21.006,117.0,74.04833333333333,613.2,36.413323684757394,29.407920369771784,7.00540331498561
manila,2024-12-02 16:01:07.923,103.0,63.64333333333333,518.6,34.01909281769822,28.184076462264898,5.835016355433325
manila,2024-12-02 15:46:00.000,101.0,59.263333333333335,494.8,33.652533419807376,27.841638179254844,5.810895240552533
manila,2024-12-02 14:46:00.000,96.0,56.080000000000005,485.9,32.75591336316184,26.665240998272232,6.090672364889606
manila,2024-12-02 13:46:00.001,88.0,48.434999999999995,425.2,31.09439587829737,25.34017852150081,5.754217356796556
manila,2024-12-02 12:31:00.000,88.0,51.17666666666666,431.7,31.055386748911097,25.255497823837164,5.799888925073933
manila,2024-12-02 11:31:00.000,85.0,45.035,414.5,30.496576969018136,26.044167614776946,4.45240935424119
manila,2024-12-02 10:46:00.001,79.0,40.361666666666665,386.2,29.647087611803546,26.228671053754592,3.4184165580489534
manila,2024-12-02 09:01:03.321,86.0,26.558333333333334,263.8,30.795749346144497,27.777826207254105,3.017923138890392
manila,2024-12-02 08:01:00.001,99.0,37.49666666666667,340.1,33.27693879326222,29.258305724569013,4.018633068693205
manila,2024-12-02 07:46:00.000,98.0,38.065000000000005,347.3,33.009449204685566,29.123844793819785,3.885604410865781
manila,2024-12-02 06:46:30.000,80.0,32.026666666666664,284.3,29.37950478237073,25.7368499855631,3.6426547968076335
manila,2024-12-02 05:46:30.000,42.0,9.325,93.2,22.039744110888787,20.40708466476874,1.632659446120048
manila,2024-12-02 04:46:30.000,11.0,0.9866666666666667,6.6,16.66083160674018,16.434370021491084,0.2264615852490976
manila,2024-12-02 03:46:30.000,3.0,0.7916666666666666,4.5,15.78059228928029,15.451694560180329,0.3288977290999639
manila,2024-12-02 02:01:30.001,4.0,0.27666666666666667,2.7,16.391563474841114,15.942163157341133,0.4494003174999825
manila,2024-12-02 01:01:30.001,10.0,0.385,3.2,17.26700680740486,16.35905822778833,0.90794857961653
manila,2024-12-02 00:01:30.001,22.0,1.5983333333333334,10.6,19.323842708303903,17.634501186117568,1.6893415221863357
manila,2024-12-01 23:01:30.000,42.0,4.45,39.1,22.557996931437035,19.63646797826659,2.9215289531704443
manila,2024-12-01 22:01:00.000,50.0,7.485,66.2,24.05392879397247,21.955357429674223,2.098571364298248
manila,2024-12-01 21:01:00.000,53.0,9.528333333333334,83.9,24.576126765048304,22.649258632160787,1.9268681328875168
manila,2024-12-01 20:01:03.892,64.0,14.086666666666668,136.7,26.363032608675425,23.62839918344868,2.734633425226747
manila,2024-12-01 19:00:53.781,80.0,27.31833333333333,241.0,29.07762364393701,24.9993247622754,4.078298881661606
manila,2024-12-01 18:00:42.076,91.0,40.38333333333333,349.8,31.01163473017297,25.470734708328404,5.540900021844568
manila,2024-12-01 17:45:50.093,89.0,41.08166666666667,348.9,30.584056931852864,25.359582142026127,5.224474789826736
manila,2024-12-01 16:46:15.723,80.0,35.66166666666666,299.6,29.23268255937317,25.055025400070168,4.177657159303006
manila,2024-12-01 15:46:00.000,75.0,31.771666666666665,244.7,28.612844337250824,24.57145469316332,4.041389644087506
manila,2024-12-01 14:46:00.000,69.0,27.28666666666667,215.1,27.477146000742685,23.661811303623065,3.8153346971196207
manila,2024-12-01 13:01:02.297,66.0,22.1,175.7,26.894300191740545,22.331296782012643,4.5630034097279015
manila,2024-12-01 12:46:00.000,65.0,21.141666666666666,174.2,26.648628388732185,22.205713827182297,4.442914561549888
manila,2024-12-01 11:46:02.490,62.0,19.576666666666664,179.6,26.25280946659604,22.206101731231985,4.046707735364056
manila,2024-12-01 10:46:00.001,54.0,16.803333333333335,152.5,24.597543393224303,21.44043053536055,3.157112857863755
manila,2024-12-01 09:46:00.000,43.0,11.451666666666666,110.0,22.57210509610488,20.367042521684965,2.205062574419909
manila,2024-12-01 08:46:30.001,32.0,6.748333333333333,60.4,20.875592800666773,19.206921468534752,1.6686713321320212
manila,2024-12-01 07:46:30.000,24.0,3.68,33.4,19.277632585197995,17.824082956839035,1.4535496283589602
manila,2024-12-01 07:16:30.001,21.0,2.7416666666666667,18.6,18.75019666736965,17.418583479049378,1.3316131883202722
manila,2024-12-01 06:46:30.000,18.0,1.7766666666666666,12.8,18.33275770237733,17.172564391483483,1.160193310893849
manila,2024-12-01 05:46:30.000,16.0,0.9566666666666667,13.2,18.16400802215617,16.87802249450352,1.2859855276526524
manila,2024-12-01 04:46:30.001,12.0,0.7833333333333333,9.7,17.568667326891475,16.45993506189334,1.1087322649981353
manila,2024-12-01 03:31:30.000,8.0,0.4683333333333334,6.2,16.94535070705124,16.06514831740445,0.8802023896467901
manila,2024-12-01 02:01:30.001,10.0,0.8616666666666667,5.8,17.54445545927555,16.85148565180882,0.6929698074667314
manila,2024-12-01 01:01:30.000,19.0,1.7633333333333332,12.5,19.248391350287505,17.76069026648568,1.4877010838018272
manila,2024-12-01 00:01:30.001,36.0,4.196666666666667,34.0,22.0817995260118,19.68367860120018,2.3981209248116144
manila,2024-11-30 23:01:00.000,57.0,9.770000000000001,83.3,25.643553218706018,22.07345658036314,3.5700966383428785
manila,2024-11-30 22:46:00.000,59.0,11.796666666666665,93.9,26.084767738685745,22.663008080740404,3.4217596579453406
manila,2024-11-30 21:01:01.103,57.0,10.115,93.4,25.62754059690712,24.18317558707619,1.4443650098309284
manila,2024-11-30 20:01:20.250,69.0,19.971666666666668,164.1,27.862432480262985,26.40369584352621,1.4587366367367736
manila,2024-11-30 19:01:08.303,93.0,37.468333333333334,315.3,31.77001564412008,29.78389464330178,1.9861210008182968
manila,2024-11-30 18:00:17.788,103.0,57.065000000000005,493.1,33.54002427986261,31.324556208386948,2.2154680714756587
manila,2024-11-30 17:45:50.711,102.0,58.46,499.7,33.21836662130346,31.409117441005176,1.809249180298284
manila,2024-11-30 16:46:11.720,97.0,50.906666666666666,437.7,32.413031969187315,31.21985612818679,1.1931758410005244
manila,2024-11-30 15:45:54.254,94.0,49.02333333333333,397.4,31.910276649142123,30.264726902638685,1.6455497465034377
manila,2024-11-30 15:30:54.262,92.0,46.915,382.0,31.54808842744705,29.91769542999509,1.6303929974519598
manila,2024-11-30 14:45:46.597,87.0,44.193333333333335,348.5,30.76093067469777,29.25056892816409,1.510361746533686
manila,2024-11-30 13:46:08.166,77.0,33.458333333333336,276.5,28.788785748412163,27.88883562862945,0.8999501197827087
manila,2024-11-30 12:00:51.173,77.0,34.233333333333334,310.4,28.676159476500818,27.18751657216412,1.4886429043367002
manila,2024-11-30 11:45:50.365,75.0,35.86833333333333,307.0,28.37179006443096,27.204005377496927,1.1677846869340345
manila,2024-11-30 10:46:00.000,68.0,34.91166666666666,300.1,27.08950808259694,26.2038465886414,0.8856614939555385
manila,2024-11-30 09:46:00.000,53.0,21.65,199.6,24.16477631787211,23.83645160916504,0.328324708707072
manila,2024-11-30 09:16:00.000,44.0,15.94,162.8,22.68452863907868,22.67256258996824,0.0119660491104447
manila,2024-11-30 08:46:30.000,37.0,10.716666666666667,96.5,21.474380745191315,21.59856562985818,-0.1241848846668638
manila,2024-11-30 07:46:30.000,28.0,5.405,49.1,19.662505751262323,19.85478686972369,-0.1922811184613664
manila,2024-11-30 06:46:30.000,21.0,2.65,17.7,18.2744924263391,18.20759708019869,0.0668953461404129
manila,2024-11-30 05:46:30.000,19.0,1.9549999999999998,17.3,18.070734974774087,17.24473266860163,0.8260023061724588
manila,2024-11-30 04:46:30.000,11.0,1.2349999999999999,10.8,16.83942679631639,16.317441264495848,0.5219855318205404
manila,2024-11-30 03:01:30.000,14.0,1.6716666666666666,14.2,17.96542992971424,16.386593065783522,1.578836863930718
manila,2024-11-30 02:01:30.000,26.0,3.115,23.6,20.220844773882064,17.12194345209984,3.098901321782225
manila,2024-11-30 01:01:30.000,47.0,6.355,54.5,23.56314483363482,17.694708751063693,5.868436082571126
manila,2024-11-30 00:01:30.000,70.0,14.603333333333333,111.3,27.73362283813226,19.96396139227162,7.769661445860638
manila,2024-11-29 23:01:00.000,89.0,27.240000000000002,189.6,31.08640631822475,22.59805883651486,8.48834748170989
manila,2024-11-29 22:01:00.000,91.0,27.613333333333333,225.6,31.310060425576104,25.026214431270827,6.283845994305278
manila,2024-11-29 21:01:30.000,101.0,33.111666666666665,291.2,33.14163554610249,26.68097029990501,6.460665246197486
manila,2024-11-29 20:00:42.701,127.0,46.84166666666667,441.9,37.81447517595584,30.07112497463025,7.743350201325583
manila,2024-11-29 19:00:15.449,162.0,80.68,658.5,44.17502807517906,34.19578074256765,9.979247332611408
manila,2024-11-29 18:15:43.628,173.0,107.42833333333333,836.6,45.932492985079136,35.098524723047575,10.83396826203156
manila,2024-11-29 17:45:04.720,169.0,121.92333333333333,904.3,45.29901928323034,34.74402481355091,10.554994469679436
manila,2024-11-29 16:46:05.922,151.0,105.94333333333334,805.9,42.13987701674025,33.121550567836,9.018326448904254
manila,2024-11-29 15:45:52.710,134.0,91.69666666666667,702.0,38.98119243378408,31.19876796699076,7.782424466793312
manila,2024-11-29 15:01:22.364,127.0,82.58,663.7,37.92164805154303,30.35028894761966,7.57135910392337
manila,2024-11-29 14:46:13.404,123.0,79.575,661.7,37.17013473278767,29.954544567325843,7.21559016546183
manila,2024-11-29 13:46:05.392,106.0,59.03333333333333,498.6,34.16801636906047,28.224193648650346,5.943822720410125
manila,2024-11-29 12:01:04.250,100.0,48.18,452.3,33.100091941014696,27.75892219759285,5.341169743421848
manila,2024-11-29 11:16:03.735,104.0,53.75666666666667,496.8,33.50204532845871,27.861189072698902,5.640856255759807
manila,2024-11-29 10:46:00.000,100.0,53.74166666666667,502.7,32.90945067656709,27.52734960012037,5.382101076446716
manila,2024-11-29 09:46:00.000,84.0,34.68333333333333,365.2,30.13136010618758,26.33542742933158,3.7959326768559976
manila,2024-11-29 08:01:00.000,84.0,31.961666666666666,310.8,30.54822717780312,26.87626621563949,3.671960962163631
manila,2024-11-29 07:46:00.000,82.0,29.368333333333332,289.8,30.07306951923075,26.560128484747104,3.512941034483646
manila,2024-11-29 06:46:30.000,58.0,16.986666666666668,153.4,25.623683921716346,23.41078109670317,2.212902825013174
manila,2024-11-29 05:46:30.000,34.0,5.663333333333333,44.3,20.873037235959995,19.258614473679,1.614422762280995
manila,2024-11-29 04:46:30.000,12.0,1.4866666666666668,13.7,17.021743961630197,16.4677298703043,0.5540140913258966
manila,2024-11-29 03:01:30.000,7.0,0.7583333333333333,6.6,16.604521270183923,15.864920311382209,0.7396009588017165
manila,2024-11-29 02:01:30.000,9.0,0.9266666666666666,7.7,17.30208179766572,16.453134183922977,0.8489476137427445
manila,2024-11-29 01:01:30.000,18.0,1.6816666666666669,9.8,18.964492472480508,17.13614310467133,1.828349367809178
manila,2024-11-29 00:01:30.001,35.0,5.341666666666667,34.8,22.19543594903186,18.791875849504088,3.4035600995277733
manila,2024-11-28 23:01:00.000,61.0,13.476666666666667,97.7,26.584972179640104,20.97595223140668,5.609019948233431
manila,2024-11-28 22:01:00.000,67.0,14.928333333333335,130.5,27.56839303081492,23.482897676290392,4.085495354524522
manila,2024-11-28 21:01:30.000,78.0,18.488333333333333,166.3,29.633254606786625,25.640682800020272,3.9925718067663496
manila,2024-11-28 20:01:01.010,102.0,33.145,311.1,33.64798480772324,28.66546820269024,4.982516605032998
manila,2024-11-28 19:00:46.114,142.0,63.83166666666667,505.3,40.87526698792172,33.33020128956989,7.545065698351827
manila,2024-11-28 18:15:24.211,150.0,88.02166666666668,721.6,42.35218161374968,34.17384362714713,8.17833798660255
manila,2024-11-28 17:45:23.325,144.0,96.50500000000001,770.3,41.18983740005005,33.622158752839354,7.567678647210698
manila,2024-11-28 16:46:19.773,126.0,74.35166666666667,617.4,37.93689671228237,31.66562935999257,6.271267352289794
manila,2024-11-28 15:46:12.425,112.0,63.70666666666667,524.7,35.678672011452875,30.09263738757824,5.586034623874635
manila,2024-11-28 14:46:04.817,101.0,54.85,467.5,33.58836212619826,28.658393268894294,4.929968857303969
manila,2024-11-28 14:31:04.727,98.0,52.276666666666664,433.9,33.083867978823626,28.31800689642604,4.765861082397585
manila,2024-11-28 13:46:00.000,89.0,41.73833333333334,365.0,31.261722305886728,27.15852348304056,4.103198822846171
manila,2024-11-28 12:01:00.000,95.0,43.391666666666666,387.5,32.34263736664696,27.69331653343069,4.649320833216272
manila,2024-11-28 11:01:00.000,99.0,54.169999999999995,479.3,32.94307774090231,28.2493057016782,4.693772039224118
manila,2024-11-28 10:46:00.000,97.0,54.794999999999995,488.2,32.4984451237727,28.16701269881144,4.331432424961264
manila,2024-11-28 09:01:00.001,94.0,36.01833333333333,334.7,32.06007797835976,28.537199901298827,3.5228780770609305
manila,2024-11-28 08:01:00.000,99.0,43.57166666666667,383.8,33.052257087752885,28.74251104783901,4.309746039913875
manila,2024-11-28 07:46:00.000,94.0,40.99,380.5,32.18902282427463,28.42277624935396,3.766246574920672
manila,2024-11-28 06:46:30.000,63.0,20.545,198.6,26.67294144315396,24.81776405399636,1.8551773891576
manila,2024-11-28 05:46:30.000,33.0,4.8133333333333335,48.3,20.8588898737897,19.771364864584807,1.0875250092048925
manila,2024-11-28 04:46:30.001,10.0,0.7483333333333333,5.0,16.823560932318028,16.4736442050648,0.3499167272532268
manila,2024-11-28 03:31:30.000,6.0,0.84,6.6,16.232385361878784,15.60654494676048,0.6258404151183026
manila,2024-11-28 02:01:30.000,9.0,0.48833333333333334,6.5,17.24731588499788,16.388487151353488,0.858828733644394
manila,2024-11-28 01:01:30.000,15.0,1.4716666666666667,13.6,18.39531708817752,16.914726155618126,1.480590932559391
manila,2024-11-28 00:01:30.001,28.0,3.0366666666666666,24.6,21.01747806795776,18.60109089055029,2.416387177407472
manila,2024-11-27 23:01:30.000,54.0,8.16,67.8,25.495224838740093,20.87037698857964,4.624847850160457
manila,2024-11-27 22:01:00.000,63.0,11.253333333333334,108.0,27.2001383154076,23.6152524447883,3.584885870619299
manila,2024-11-27 21:01:00.000,75.0,18.065,167.6,29.15143806947873,25.800241793472125,3.351196276006604
manila,2024-11-27 20:01:00.000,97.0,29.945,265.8,33.15022791440904,29.138633326276185,4.011594588132851
manila,2024-11-27 19:00:29.508,137.0,62.83166666666667,539.6,39.91933828488242,33.44536916565035,6.473969119232073
manila,2024-11-27 18:15:52.781,146.0,89.26666666666667,724.9,41.50719977683516,34.31253846021962,7.194661316615537
manila,2024-11-27 17:45:55.573,138.0,89.55833333333334,743.9,40.30757589794753,33.761270277342945,6.546305620604585
manila,2024-11-27 17:01:13.031,127.0,71.58500000000001,625.2,38.27600542358697,32.3198636608329,5.956141762754072
manila,2024-11-27 16:46:23.935,123.0,74.79333333333334,628.3,37.72092378004648,31.64882211491475,6.072101665131726
manila,2024-11-27 15:46:00.000,111.0,64.54,520.2,35.35949161205503,29.67588104671854,5.68361056533649
manila,2024-11-27 14:46:02.050,101.0,56.585,476.8,33.75613540057198,28.82303009647181,4.933105304100167
manila,2024-11-27 13:46:00.001,89.0,45.36666666666667,400.1,31.508592443024032,27.521019912290715,3.987572530733317
manila,2024-11-27 12:01:00.000,96.0,50.14833333333333,419.6,32.36988709781923,27.69735702050805,4.672530077311176
manila,2024-11-27 11:01:00.001,102.0,53.67833333333333,472.9,33.45813679560998,28.41148813014624,5.046648665463742
manila,2024-11-27 10:46:00.000,101.0,53.915,479.1,33.33795573780459,28.553857543345,4.784098194459595
manila,2024-11-27 09:01:00.000,99.0,37.77833333333333,343.8,32.911957715084334,29.21254778493916,3.699409930145176
manila,2024-11-27 08:01:04.679,105.0,47.43833333333334,423.3,34.20418824470015,29.39504337290121,4.809144871798939
manila,2024-11-27 07:46:00.000,100.0,45.415,393.8,33.46764845658791,28.9874833383462,4.480165118241711
manila,2024-11-27 06:46:30.001,71.0,27.386666666666667,249.9,28.24049669696896,25.04785795266375,3.192638744305203
manila,2024-11-27 05:46:30.001,38.0,7.4399999999999995,73.6,21.756538463414905,20.047096974913693,1.7094414885012092
manila,2024-11-27 04:46:30.000,12.0,1.6283333333333334,12.1,16.977808501462704,16.43923330360699,0.5385751978557138
manila,2024-11-27 03:01:30.000,8.0,1.615,16.8,16.881706200809383,15.99877503456398,0.8829311662454025
manila,2024-11-27 02:01:30.000,10.0,1.1416666666666666,20.2,17.48351064043181,16.44648759314772,1.037023047284091
manila,2024-11-27 01:01:30.001,14.0,1.9316666666666669,12.5,18.346510544595223,16.90705743602577,1.439453108569456
manila,2024-11-27 00:01:00.000,25.0,2.9,25.0,20.49646075597933,18.48679731761361,2.009663438365724
manila,2024-11-26 23:01:00.000,47.0,6.656666666666666,55.3,24.19521172034788,20.55652023850909,3.638691481838791
manila,2024-11-26 22:01:00.000,57.0,9.881666666666666,83.8,26.145667412544608,23.26762609634364,2.8780413162009744
manila,2024-11-26 21:01:00.000,72.0,17.998333333333335,147.4,28.85344126753452,25.79540705429203,3.0580342132424825
manila,2024-11-26 20:01:00.000,98.0,29.955,272.9,33.17385344779097,29.363107149915567,3.8107462978754008
manila,2024-11-26 19:00:39.599,135.0,66.22166666666666,531.4,39.72518784025648,33.541592179092866,6.183595661163615
manila,2024-11-26 18:15:42.829,145.0,90.83833333333334,721.9,41.41742361560833,34.27454883675794,7.142874778850391
manila,2024-11-26 17:46:10.108,138.0,92.92333333333333,759.5,40.150102062773136,33.61266958992245,6.537432472850689
manila,2024-11-26 16:46:07.129,118.0,71.57,583.6,36.428852436187846,31.17918230833832,5.24967012784953
manila,2024-11-26 16:31:00.001,113.0,68.25,567.0,35.73306427013682,30.68671523687932,5.046349033257503
manila,2024-11-26 15:46:06.613,105.0,59.37166666666667,507.8,34.21078381134319,29.409072433172383,4.801711378170808
manila,2024-11-26 14:46:00.000,94.0,51.64833333333333,452.2,32.45330333626771,28.380984108398547,4.072319227869162
manila,2024-11-26 13:01:00.001,82.0,30.598333333333336,285.8,30.19372451984176,26.85922297433088,3.334501545510878
manila,2024-11-26 12:01:00.001,92.0,47.361666666666665,425.4,31.9674057451154,27.73142949059028,4.235976254525113
manila,2024-11-26 11:01:00.479,100.0,51.468333333333334,463.0,32.966176377956465,28.41499380885462,4.551182569101844
manila,2024-11-26 10:31:00.000,98.0,49.5,477.9,32.65153189527311,28.453547805022165,4.197984090250944
manila,2024-11-26 10:01:00.000,97.0,44.30833333333333,412.7,32.4855391721714,28.62691485272984,3.85862431944156
manila,2024-11-26 09:01:03.607,106.0,42.583333333333336,357.0,34.339881232269114,29.78693579684313,4.552945435425983
manila,2024-11-26 08:01:02.107,112.0,53.065000000000005,435.6,35.65596195085853,30.113171164489344,5.5427907863691885
manila,2024-11-26 07:46:00.001,107.0,51.776666666666664,430.5,34.90898182056021,29.729213763384127,5.17976805717608
manila,2024-11-26 06:46:30.000,75.0,33.575,283.3,28.861747926105508,25.399004046713827,3.462743879391681
manila,2024-11-26 05:46:30.000,39.0,8.44,74.8,21.690232120762648,20.000759565852057,1.689472554910591
manila,2024-11-26 04:46:30.001,12.0,1.465,10.6,17.13998589653738,16.52138176095356,0.6186041355838192
manila,2024-11-26 04:16:30.000,8.0,1.2416666666666667,8.6,16.497637293935615,15.847648725989451,0.6499885679461634
manila,2024-11-26 03:31:30.000,6.0,0.625,7.3,16.21092596750084,15.492631061630265,0.718294905870577
manila,2024-11-26 02:01:30.000,8.0,0.66,5.0,17.068166409908393,16.161364373413186,0.9068020364952076
manila,2024-11-26 01:01:30.000,11.0,0.9733333333333333,7.7,17.764985757983794,16.697595474673317,1.067390283310477
manila,2024-11-26 00:01:30.000,18.0,2.475,16.4,18.99128433332701,17.839923211727108,1.1513611215999011
manila,2024-11-25 23:01:30.000,33.0,3.3233333333333333,27.1,21.70946219562904,19.52054550388571,2.188916691743323
manila,2024-11-25 22:01:30.001,43.0,4.656666666666666,40.1,23.5275422224842,21.9269196947665,1.600622527717693
manila,2024-11-25 21:01:00.000,56.0,8.926666666666668,80.7,25.79801218476422,24.09636404587148,1.7016481388927396
manila,2024-11-25 20:01:02.806,79.0,18.051666666666666,172.0,29.930437698651605,27.544264365813337,2.3861733328382684
manila,2024-11-25 19:00:40.801,118.0,50.059999999999995,436.0,36.74101544537828,31.62244119316702,5.1185742522112605
manila,2024-11-25 18:15:55.642,126.0,71.92666666666668,622.9,38.0673448876295,32.279848121108984,5.787496766520519
manila,2024-11-25 17:45:38.522,119.0,74.48833333333333,667.6,36.738490202387,31.554485246232893,5.184004956154105
manila,2024-11-25 16:46:00.779,102.0,57.10333333333333,524.3,33.79267653036869,29.4374214641448,4.35525506622389
manila,2024-11-25 16:01:00.000,90.0,46.475,408.6,31.842955979667963,28.25524106854205,3.5877149111259143
manila,2024-11-25 15:46:00.001,89.0,46.63166666666667,410.6,31.578078409261806,27.796563679735307,3.7815147295264993
manila,2024-11-25 14:46:00.000,79.0,37.230000000000004,342.4,29.788932519521275,26.72900482335989,3.059927696161381
manila,2024-11-25 13:46:30.000,68.0,26.220000000000002,246.4,27.75317447636188,25.486446788697283,2.2667276876645914
manila,2024-11-25 12:01:00.000,73.0,36.05833333333333,325.7,28.57689243877552,25.54839276225071,3.0284996765248025
manila,2024-11-25 11:01:00.000,78.0,32.483333333333334,327.0,29.02625485202088,25.91609849681664,3.110156355204236
manila,2024-11-25 10:46:00.001,77.0,32.82,323.2,28.9388286566824,25.8739240054475,3.064904651234894
manila,2024-11-25 09:01:00.001,83.0,26.886666666666667,263.1,30.1479281886808,27.506347105310425,2.641581083370376
manila,2024-11-25 08:01:01.719,100.0,42.733333333333334,359.9,33.472910535598004,29.310210083901268,4.162700451696736
manila,2024-11-25 07:46:00.000,100.0,43.17333333333333,361.5,33.3495450516404,29.1726791956426,4.1768658559977965
manila,2024-11-25 06:46:30.001,77.0,32.931666666666665,276.9,28.728584163868767,25.521789071547868,3.206795092320899
manila,2024-11-25 05:46:30.001,43.0,8.383333333333333,91.4,21.998509772619165,20.27981294402182,1.718696828597345
manila,2024-11-25 04:46:30.000,12.0,1.34,8.3,16.77506507368083,16.288717335774134,0.4863477379066978
manila,2024-11-25 03:16:30.001,3.0,0.48166666666666663,4.7,15.74543046631728,15.3337365494407,0.4116939168765778
manila,2024-11-25 02:01:30.001,4.0,0.4683333333333334,5.9,16.442646121663962,16.059442508731603,0.383203612932359
manila,2024-11-25 01:01:30.001,9.0,0.49333333333333335,2.8,17.14129993659236,16.297266851278586,0.8440330853137752
manila,2024-11-25 00:01:30.000,22.0,1.2783333333333333,9.3,19.26847902848308,17.6414448211752,1.627034207307883
manila,2024-11-24 23:01:00.000,46.0,5.34,41.2,23.434070839342187,19.91042891992369,3.5236419194184947
manila,2024-11-24 22:01:30.000,50.0,7.708333333333333,72.1,24.14614153738711,22.10282656222192,2.043314975165196
manila,2024-11-24 21:46:00.000,51.0,7.71,65.4,24.28920738476173,22.432590019808263,1.8566173649534683
manila,2024-11-24 21:01:00.000,50.0,8.031666666666666,75.8,24.276277487627965,22.855291373836096,1.4209861137918691
manila,2024-11-24 20:01:00.000,60.0,14.34,142.5,25.792223626237547,23.633742868550414,2.158480757687133
manila,2024-11-24 19:01:12.952,78.0,29.043333333333333,247.1,28.760017064702307,25.081718932838672,3.6782981318636345
manila,2024-11-24 18:15:42.160,85.0,37.695,340.7,29.976431757355275,25.53648429331534,4.439947464039936
manila,2024-11-24 17:45:58.545,81.0,35.913333333333334,318.2,29.444166427738043,25.678754365738207,3.765412061999836
manila,2024-11-24 16:46:09.401,75.0,28.206666666666667,245.2,28.46133751539353,25.17072012321043,3.2906173921831083
manila,2024-11-24 15:46:00.001,71.0,29.716666666666665,240.6,27.933400601308907,24.81730371881715,3.1160968824917568
manila,2024-11-24 15:16:04.640,67.0,26.645,203.2,27.182591376543257,24.211550234482296,2.9710411420609617
manila,2024-11-24 14:46:00.593,65.0,22.259999999999998,175.4,26.75394066919238,23.66067182381057,3.093268845381811
manila,2024-11-24 13:01:00.000,61.0,17.498333333333335,135.6,26.026724955419283,22.18995488852077,3.836770066898513
manila,2024-11-24 12:46:00.000,60.0,17.868333333333332,142.0,25.866292168887966,22.202564164564265,3.663728004323701
manila,2024-11-24 11:46:00.000,60.0,19.216666666666665,165.7,25.860968624074047,22.336961590474527,3.5240070335995206
manila,2024-11-24 11:31:00.000,59.0,18.476666666666667,146.7,25.85544001868924,22.405789117606734,3.4496509010824994
manila,2024-11-24 10:46:00.001,54.0,20.06,144.7,25.09926181934212,21.96188297259341,3.137378846748703
manila,2024-11-24 09:46:00.000,46.0,15.653333333333334,119.1,23.50227179820824,20.76745402068404,2.734817777524196
manila,2024-11-24 08:46:30.000,39.0,7.27,59.3,22.23862295943216,19.512177827902043,2.726445131530109
manila,2024-11-24 07:46:30.000,31.0,5.13,40.1,20.66731286619393,18.185394801393898,2.4819180648000376
manila,2024-11-24 07:31:30.000,29.0,4.905,39.2,20.25777494714064,17.886266317182244,2.371508629958395
manila,2024-11-24 06:46:30.001,22.0,2.9166666666666665,28.3,19.013285638623746,17.175899566138238,1.837386072485504
manila,2024-11-24 05:46:30.000,16.0,1.1733333333333333,13.6,18.03008802368819,16.821650086928376,1.2084379367598146
manila,2024-11-24 04:01:30.000,10.0,1.0083333333333333,9.5,17.611654784028055,16.348084636645613,1.263570147382442
manila,2024-11-24 03:01:30.000,15.0,2.2116666666666664,19.8,18.48535347296337,16.551530262937078,1.933823210026293
manila,2024-11-24 02:01:30.000,24.0,2.83,24.6,19.88922142333009,17.060461887212877,2.828759536117218
manila,2024-11-24 01:01:30.000,34.0,5.493333333333334,35.3,21.76324269542764,17.863659848775455,3.899582846652184
manila,2024-11-24 00:01:30.000,51.0,10.213333333333333,72.0,24.761365602259545,19.7094455550406,5.051920047218943
manila,2024-11-23 23:01:00.000,66.0,17.683333333333334,128.7,27.00131835294641,21.799400313475907,5.201918039470499
manila,2024-11-23 22:46:30.000,67.0,20.028333333333332,146.5,27.2933109276546,22.43102538882833,4.862285538826264
manila,2024-11-23 21:01:01.151,66.0,16.029999999999998,125.4,27.049705816637587,24.04753699879529,3.0021688178422927
manila,2024-11-23 20:01:07.239,88.0,32.126666666666665,262.2,30.92223681979505,26.14778857339905,4.774448246395991
manila,2024-11-23 19:00:59.117,122.0,62.519999999999996,482.9,36.93016819043862,29.57572174652025,7.354446443918366
manila,2024-11-23 18:00:36.674,134.0,88.42666666666668,718.8,38.6702073764455,30.95259521504886,7.717612161396637
manila,2024-11-23 17:45:27.768,131.0,89.36,712.2,38.29384652636578,31.144437421822392,7.149409104543391
manila,2024-11-23 16:46:02.438,122.0,71.49499999999999,602.6,36.7322611076184,30.84486781324341,5.887393294374988
manila,2024-11-23 15:46:06.982,117.0,64.32166666666667,538.7,35.68704539066245,29.89531245632536,5.791732934337087
manila,2024-11-23 15:00:49.175,110.0,60.005,494.3,34.52680673293133,29.09803344605533,5.428773286875995
manila,2024-11-23 14:45:49.251,109.0,61.013333333333335,500.3,34.27352865572351,28.77863486454588,5.494893791177628
manila,2024-11-23 13:45:50.692,99.0,50.608333333333334,434.3,32.590921536044604,27.598801284595456,4.992120251449148
manila,2024-11-23 12:46:00.926,96.0,48.345,400.2,31.923909435365395,26.986270021834613,4.937639413530782
manila,2024-11-23 11:46:08.462,93.0,52.91,428.0,31.63765766422751,27.15157876451987,4.486078899707643
manila,2024-11-23 10:46:00.001,85.0,47.06333333333334,415.3,30.0806621702204,26.24323171029725,3.837430459923137
manila,2024-11-23 09:46:00.000,66.0,28.448333333333334,274.2,26.554913950006064,23.94021135895723,2.6147025910488324
manila,2024-11-23 08:46:00.000,51.0,15.038333333333332,168.4,24.0866721600412,21.978803956976027,2.1078682030651663
manila,2024-11-23 07:46:30.000,41.0,8.793333333333333,86.0,22.39226053968517,20.4398276581245,1.9524328815606715
manila,2024-11-23 06:46:30.001,28.0,3.0683333333333334,28.3,19.848696321756595,18.683106308121747,1.1655900136348478
manila,2024-11-23 05:46:30.000,20.0,2.1266666666666665,14.8,18.247073817468515,17.30786530154177,0.9392085159267438
manila,2024-11-23 04:46:30.000,11.0,1.3783333333333334,7.6,17.001434017798086,16.383388789164965,0.6180452286331217
manila,2024-11-23 03:01:30.000,8.0,0.9700000000000001,15.2,17.226867223643417,16.507514242166515,0.7193529814769022
manila,2024-11-23 02:01:30.000,14.0,1.5333333333333334,17.4,18.145749220097144,17.09646444880918,1.0492847712879652
manila,2024-11-23 01:01:30.000,24.0,2.631666666666667,18.3,20.02927452763288,17.91285194617767,2.116422581455211
manila,2024-11-23 00:01:30.000,45.0,7.275,52.0,23.690781601870626,19.98013697840716,3.7106446234634696
manila,2024-11-22 23:01:00.001,72.0,16.653333333333332,136.2,28.330861213160745,22.83118237997482,5.499678833185925
manila,2024-11-22 22:01:00.000,77.0,17.33833333333333,158.0,29.117457253322875,25.12437288442596,3.993084368896916
manila,2024-11-22 21:01:00.000,88.0,23.14333333333333,218.2,30.992266243303128,26.864237292801924,4.128028950501204
manila,2024-11-22 20:00:57.663,113.0,39.736666666666665,365.0,35.685818775130926,30.3542538374241,5.331564937706826
manila,2024-11-22 19:00:50.122,146.0,68.87833333333333,614.8,41.39895242796664,34.346282714287774,7.05266971367886
manila,2024-11-22 18:30:17.796,153.0,90.61333333333333,771.8,42.38120480579763,35.074027965882664,7.307176839914966
manila,2024-11-22 17:45:13.550,147.0,99.08333333333333,829.3,41.14561490029095,34.73304205144271,6.412572848848242
manila,2024-11-22 16:45:35.887,133.0,81.80166666666668,690.7,38.88838429072612,33.11236887764109,5.776015413085034
manila,2024-11-22 15:46:02.368,121.0,71.57666666666667,616.2,37.01606078927454,31.53254832784029,5.483512461434248
manila,2024-11-22 14:46:09.758,107.0,64.18,545.0,34.376440393354,29.91051958429245,4.465920809061551
manila,2024-11-22 14:16:00.000,99.0,55.72833333333333,486.3,33.01629696757098,29.16428391121768,3.8520130563533073
manila,2024-11-22 13:46:30.000,91.0,47.901666666666664,428.6,31.62921578386792,28.37005546967844,3.2591603141894794
manila,2024-11-22 12:01:02.387,93.0,50.88333333333333,435.5,31.87258735082536,27.889508616233705,3.9830787345916505
manila,2024-11-22 11:46:00.000,93.0,50.516666666666666,442.9,31.878511969771544,28.043454554542684,3.83505741522886
manila,2024-11-22 10:46:00.001,90.0,46.19833333333334,447.1,31.15038937084337,27.480762244468835,3.669627126374536
manila,2024-11-22 10:16:00.000,83.0,41.225,397.0,30.158460780894995,27.01431765358141,3.144143127313584
manila,2024-11-22 09:01:03.264,82.0,30.18,291.7,30.113240738556087,26.510356473490045,3.6028842650660415
manila,2024-11-22 08:01:00.000,88.0,37.38333333333333,337.6,31.43388952129272,26.86679324214036,4.567096279152356
manila,2024-11-22 07:46:00.429,87.0,38.02833333333333,336.1,31.089421489336225,26.57917193455027,4.510249554785954
manila,2024-11-22 06:46:30.000,64.0,24.09333333333333,207.0,27.01979478783978,23.70902709673773,3.310767691102047
manila,2024-11-22 06:16:30.000,46.0,11.516666666666667,106.0,23.37562761990769,21.48095125010265,1.8946763698050368
manila,2024-11-22 05:46:30.000,35.0,6.908333333333333,66.6,21.215846859086,19.43738747180256,1.778459387283437
manila,2024-11-22 04:31:30.000,15.0,1.1166666666666667,11.7,17.4912851210517,16.176039308154696,1.315245812897004
manila,2024-11-22 03:01:30.000,14.0,1.93,21.1,17.949189433664944,16.053710432369744,1.8954790012952003
manila,2024-11-22 02:16:30.000,16.0,1.5583333333333333,19.3,18.494396426326645,16.476737185114423,2.017659241212222
manila,2024-11-22 02:01:30.000,15.0,1.3383333333333334,18.4,18.4224238475626,16.58208601886065,1.840337828701948
manila,2024-11-22 01:01:30.000,21.0,2.1966666666666668,16.8,19.59555413249881,17.203355113978127,2.392199018520685
manila,2024-11-22 00:01:30.000,33.0,4.838333333333334,37.5,21.9334262710286,18.875731542085425,3.057694728943176
manila,2024-11-21 23:01:30.000,50.0,8.7,76.2,24.98756876893448,21.1421805332975,3.845388235636975
manila,2024-11-21 22:01:00.001,59.0,12.381666666666666,100.1,26.386036524705933,23.662878043691748,2.7231584810141847
manila,2024-11-21 21:01:00.001,72.0,15.356666666666666,137.7,28.47812379862427,25.65948995845968,2.8186338401645976
manila,2024-11-21 20:01:04.165,98.0,29.904999999999998,251.2,32.852949813940924,28.65170801000637,4.201241803934554
manila,2024-11-21 19:00:52.098,136.0,66.58833333333334,509.8,39.60283355482864,32.996966244111974,6.605867310716668
manila,2024-11-21 18:15:44.170,142.0,89.92833333333333,740.2,40.715087266446176,34.00908575621257,6.706001510233605
manila,2024-11-21 17:45:48.027,135.0,90.28666666666666,738.7,39.39504058483456,33.46199579073432,5.933044794100233
manila,2024-11-21 16:45:49.523,120.0,68.15166666666667,588.0,37.154579543347424,31.82195812219712,5.332621421150304
manila,2024-11-21 15:46:30.000,107.0,60.45166666666667,518.3,34.63765771162833,29.993435287486424,4.644222424141905
manila,2024-11-21 14:46:00.000,95.0,51.358333333333334,451.5,32.36683828624687,28.69811318142352,3.668725104823352
manila,2024-11-21 13:46:31.758,84.0,38.434999999999995,341.0,30.63151378726151,27.53734800964917,3.094165777612343
manila,2024-11-21 13:31:00.000,82.0,35.14833333333333,324.7,30.179706977009523,27.179339580377054,3.0003673966324698
manila,2024-11-21 12:01:00.000,91.0,47.13166666666667,395.6,31.790019300117724,27.8528808327035,3.937138467414222
manila,2024-11-21 11:01:00.000,94.0,48.74166666666667,442.7,31.99155876845017,28.1274610767632,3.864097691686976
manila,2024-11-21 10:46:00.000,93.0,45.76166666666666,426.9,31.9128247785665,28.11793026123276,3.794894517333745
manila,2024-11-21 09:01:04.146,94.0,36.90833333333333,351.7,32.23237723629145,28.54614971723508,3.686227519056368
manila,2024-11-21 08:01:04.240,105.0,48.559999999999995,410.5,34.19893067313469,28.96635901191813,5.232571661216564
manila,2024-11-21 07:46:00.000,101.0,49.59666666666667,416.4,33.71353290274777,28.72232787062444,4.991205032123332
manila,2024-11-21 06:46:30.001,71.0,30.654999999999998,264.6,28.07811056060449,24.8104912334002,3.26761932720429
manila,2024-11-21 05:46:30.000,37.0,8.638333333333332,68.8,21.59828284486369,19.823938996569527,1.774343848294162
manila,2024-11-21 05:31:30.000,28.0,3.8916666666666666,34.6,19.91124452293293,18.726778986560543,1.1844655363723895
manila,2024-11-21 04:46:30.000,14.0,1.8333333333333333,12.5,17.35247401684536,16.408801021191625,0.9436729956537347
manila,2024-11-21 03:01:30.001,12.0,1.9066666666666667,19.1,17.61435286013328,16.080630914599958,1.5337219455333226
manila,2024-11-21 02:01:30.000,15.0,2.496666666666667,18.9,18.48480015731235,16.648544833737603,1.836255323574747
manila,2024-11-21 01:01:30.000,20.0,2.7083333333333335,20.1,19.442322108002845,17.188070394293028,2.2542517137098166
manila,2024-11-21 00:01:30.000,28.0,3.4283333333333332,26.3,21.111886847687224,18.72355200143693,2.388334846250295
manila,2024-11-20 23:01:30.000,47.0,6.698333333333333,54.7,24.27202971763481,20.765124403360105,3.506905314274704
manila,2024-11-20 22:01:30.000,60.0,10.955,91.8,26.69680699197917,23.60392156533224,3.09288542664693
manila,2024-11-20 21:01:30.001,76.0,18.834999999999997,166.1,29.35801785956142,25.765718955366022,3.5922989041953954
manila,2024-11-20 20:01:03.335,104.0,32.975,290.2,34.328327096196304,29.19307171533374,5.135255380862564
manila,2024-11-20 19:00:52.813,144.0,69.71833333333333,576.9,41.226340006644726,33.403717117843016,7.82262288880171
manila,2024-11-20 18:30:33.685,151.0,89.65166666666667,723.2,42.34075539012877,34.06265969263859,8.27809569749018
manila,2024-11-20 17:45:39.377,142.0,98.03333333333333,787.5,40.97808437038413,33.78809581836115,7.189988552022982
manila,2024-11-20 17:01:12.092,126.0,77.365,629.4,38.1912778755487,32.22793285597061,5.963345019578092
manila,2024-11-20 16:46:07.289,125.0,77.16000000000001,629.5,38.00085661787024,31.708684038687423,6.292172579182818
manila,2024-11-20 15:46:00.000,108.0,64.715,554.4,34.88313380507395,29.77751360456529,5.105620200508668
manila,2024-11-20 14:46:00.000,96.0,54.05,482.1,32.76733300421047,28.770162214188563,3.997170790021908
manila,2024-11-20 13:01:00.000,85.0,36.45,324.3,30.602117898728007,27.041575479735883,3.5605424189921244
manila,2024-11-20 12:01:00.000,95.0,55.03,461.7,32.07466021976747,27.612064156331968,4.462596063435505
manila,2024-11-20 11:01:00.000,99.0,52.531666666666666,467.5,32.816873026848505,28.42290434900996,4.393968677838547
manila,2024-11-20 10:46:00.000,98.0,53.516666666666666,486.4,32.7249955624757,28.36286836101188,4.362127201463817
manila,2024-11-20 09:01:00.000,99.0,43.361666666666665,385.1,33.07761007093772,29.254480735727427,3.8231293352102966
manila,2024-11-20 08:01:03.803,106.0,52.781666666666666,432.5,34.63146934285413,29.62375625539291,5.007713087461223
manila,2024-11-20 07:46:02.205,102.0,50.24333333333333,426.9,34.02885747076061,29.134595430201365,4.894262040559248
manila,2024-11-20 06:46:30.000,73.0,33.836666666666666,295.2,28.60169484130436,25.088232584515644,3.513462256788713
manila,2024-11-20 05:46:30.000,38.0,8.536666666666667,77.1,21.7486883247919,20.030020164268663,1.7186681605232366
manila,2024-11-20 04:46:30.000,11.0,1.0833333333333333,7.9,17.078101981156927,16.697558505815234,0.3805434753416925
manila,2024-11-20 03:01:30.000,7.0,1.2666666666666666,12.6,16.657625122035707,15.820920047207023,0.8367050748286822
manila,2024-11-20 02:01:30.000,8.0,1.395,8.4,17.20793491870092,16.419326242877364,0.7886086758235571
manila,2024-11-20 01:01:30.000,13.0,1.5866666666666667,8.3,18.14087776718846,16.897732640696233,1.2431451264922266
manila,2024-11-20 00:01:30.000,23.0,3.2083333333333335,21.9,20.02696356735369,18.29235205190829,1.7346115154453976
manila,2024-11-19 23:01:30.001,45.0,7.083333333333333,59.2,23.89224823985943,20.48089388820123,3.411354351658201
manila,2024-11-19 22:01:00.001,60.0,10.343333333333334,81.0,26.54419737259976,23.30805424507708,3.2361431275226806
manila,2024-11-19 21:01:00.000,78.0,18.581666666666667,158.3,29.816822881642025,25.81825392017461,3.998568961467417
manila,2024-11-19 20:01:04.415,109.0,38.275,333.6,35.2201912266796,29.43949446793896,5.780696758740643
manila,2024-11-19 19:01:15.386,142.0,71.59166666666667,567.0,40.95418171922815,33.391091247804134,7.563090471424012
manila,2024-11-19 18:30:40.036,149.0,93.0,720.0,42.11182999469816,34.23448853699422,7.877341457703942
manila,2024-11-19 17:45:56.331,140.0,95.675,768.0,40.48715222793688,33.54225327777185,6.944898950165026
manila,2024-11-19 16:45:57.068,120.0,71.46000000000001,615.0,37.137818036894565,31.528777576343355,5.60904046055121
manila,2024-11-19 16:30:45.147,117.0,71.35333333333332,610.1,36.51272487307172,31.001018673505747,5.511706199565971
manila,2024-11-19 15:46:04.449,105.0,60.62166666666667,516.6,34.26353291256045,29.52563412225477,4.737898790305682
manila,2024-11-19 14:46:00.000,95.0,52.45333333333333,445.2,32.58070946447843,28.336076459118114,4.244633005360317
manila,2024-11-19 13:46:00.000,85.0,42.92833333333333,373.5,30.68843236931804,26.98594068666517,3.7024916826528624
manila,2024-11-19 12:01:00.000,97.0,53.30833333333333,459.9,32.40144434814099,27.322424940991056,5.079019407149936
manila,2024-11-19 11:01:00.000,104.0,56.36666666666667,495.1,33.61843157066649,28.26531431038378,5.353117260282708
manila,2024-11-19 10:31:00.000,104.0,54.163333333333334,480.2,33.47782928531467,28.287214993274223,5.1906142920404434
manila,2024-11-19 09:01:02.034,110.0,45.695,391.3,34.86395789287603,29.63889787024735,5.225060022628679
manila,2024-11-19 08:01:00.000,117.0,58.72833333333333,491.6,36.50128362992086,30.054878444479275,6.446405185441588
manila,2024-11-19 07:46:00.000,113.0,62.97166666666667,480.0,35.832908668900345,29.62197364837004,6.210935020530307
manila,2024-11-19 06:46:30.001,80.0,39.99166666666667,319.7,29.723370474516216,25.339447420922564,4.383923053593652
manila,2024-11-19 05:46:30.000,40.0,10.011666666666667,90.0,21.83401839007082,19.757304014722404,2.0767143753484163
manila,2024-11-19 04:46:30.001,13.0,1.4316666666666669,7.7,17.086690916966262,16.352718690415525,0.7339722265507369
manila,2024-11-19 04:16:30.000,8.0,0.855,6.6,16.585535441717617,15.923621120976929,0.6619143207406886
manila,2024-11-19 03:31:30.000,6.0,0.6683333333333333,7.4,16.375688310341282,15.65578364829716,0.7199046620441205
manila,2024-11-19 02:01:30.000,7.0,1.055,9.0,17.000305770144347,16.176863005521113,0.8234427646232341
manila,2024-11-19 01:01:30.000,12.0,0.9683333333333334,6.4,17.85234145565225,16.608450727959372,1.2438907276928788
manila,2024-11-19 00:01:30.000,20.0,1.9366666666666668,10.7,19.50373936481984,17.880118726968174,1.623620637851662
manila,2024-11-18 23:01:00.000,34.0,5.443333333333333,31.2,21.813562568522133,19.5126817981123,2.300880770409833
manila,2024-11-18 22:01:00.001,43.0,5.12,41.6,23.649669069884588,21.9345219385246,1.7151471313599878
manila,2024-11-18 21:01:00.000,55.0,7.958333333333333,73.7,25.48598598633111,24.044003603035826,1.441982383295283
manila,2024-11-18 20:01:00.001,72.0,17.01,151.0,28.48112530460096,27.29358140665996,1.1875438979410011
manila,2024-11-18 19:01:08.526,103.0,42.49666666666667,355.5,33.93181998025069,31.38822917076196,2.543590809488734
manila,2024-11-18 18:31:00.592,110.0,54.16833333333333,467.6,35.24152713453343,32.29066641676138,2.950860717772045
manila,2024-11-18 17:45:42.807,103.0,61.943333333333335,568.3,33.96056338008317,31.7941396572268,2.166423722856379
manila,2024-11-18 16:46:04.827,83.0,39.07333333333334,363.5,30.243752376493795,29.435100204290148,0.8086521722036473
manila,2024-11-18 16:01:00.000,73.0,28.523333333333333,268.2,28.533656294781235,28.12504003757813,0.4086162572031035
manila,2024-11-18 15:46:00.000,72.0,28.743333333333332,265.0,28.52021203776364,27.80780229854304,0.7124097392206039
manila,2024-11-18 14:46:00.001,67.0,28.296666666666667,268.7,27.47247353050678,26.45622783642465,1.0162456940821265
manila,2024-11-18 13:46:00.699,58.0,21.08833333333333,212.0,26.07037512212389,25.38802822666944,0.6823468954544509
manila,2024-11-18 12:01:00.001,59.0,16.513333333333332,156.5,26.0234089889708,25.568969521534694,0.454439467436103
manila,2024-11-18 11:01:00.000,61.0,22.476666666666667,223.9,26.179060096992032,25.8245907550408,0.3544693419512299
manila,2024-11-18 10:46:00.001,59.0,20.990000000000002,206.7,25.83262097481577,25.79592278705984,0.0366981877559382
manila,2024-11-18 09:01:00.000,53.0,10.973333333333333,113.6,25.012323598678982,27.75026900805694,-2.737945409377957
manila,2024-11-18 08:01:00.000,60.0,11.721666666666666,126.6,26.167993321971664,29.606202405187616,-3.438209083215952
manila,2024-11-18 07:46:00.584,59.0,10.979999999999999,125.3,25.90390361686368,29.43879627961784,-3.534892662754153
manila,2024-11-18 07:31:00.000,55.0,9.629999999999999,111.2,25.040453394937792,28.71983779279244,-3.679384397854641
manila,2024-11-18 06:46:30.000,43.0,6.635000000000001,71.5,22.399156267822367,25.341656635355307,-2.94250036753294
manila,2024-11-18 05:46:30.000,29.0,2.645,28.1,19.97017547177792,20.676679492018227,-0.7065040202403097
manila,2024-11-18 04:46:30.001,8.0,0.5683333333333334,3.5,16.39814252996186,16.64416545320786,-0.2460229232460022
manila,2024-11-18 03:46:30.000,1.0,0.24666666666666667,2.4,15.596644742274965,15.616671597397936,-0.0200268551229729
manila,2024-11-18 02:01:30.000,2.0,0.445,3.3,16.29854525356083,16.255978923717024,0.0425663298438081
manila,2024-11-18 01:01:30.000,5.0,0.44333333333333336,8.1,16.985331248612752,16.88396562538688,0.1013656232258704
manila,2024-11-18 00:01:30.000,10.0,0.98,7.2,17.80722585732402,18.100268991423903,-0.2930431340998822
manila,2024-11-17 23:01:00.001,21.0,1.05,6.4,19.568336202025968,20.337495828904185,-0.769159626878217
manila,2024-11-17 22:01:00.000,28.0,1.6316666666666668,11.1,21.087046073298023,22.94717476585508,-1.8601286925570584
manila,2024-11-17 21:01:00.000,31.0,1.7316666666666667,14.2,21.5438261354886,23.462753017089423,-1.9189268816008247
manila,2024-11-17 20:01:00.000,38.0,2.841666666666667,21.3,22.50374003745155,24.257179398761902,-1.7534393613103525
manila,2024-11-17 19:01:00.001,50.0,7.778333333333333,70.5,24.57283983606833,25.77845433905365,-1.2056145029853234
manila,2024-11-17 18:00:50.909,59.0,14.111666666666668,152.6,25.753743833829496,25.79767217374092,-0.0439283399114245
manila,2024-11-17 17:46:10.971,60.0,15.078333333333335,154.7,25.712022956248507,25.58950446144347,0.1225184948050355
manila,2024-11-17 16:31:07.602,55.0,12.995000000000001,131.7,25.02848687775325,25.171788594217738,-0.1433017164644852
manila,2024-11-17 15:46:00.001,53.0,12.535,121.4,25.12439821446188,25.17618779360616,-0.0517895791442768
manila,2024-11-17 15:16:00.000,51.0,11.655,103.7,24.84763598369165,24.931090671387544,-0.0834546876958981
manila,2024-11-17 14:46:00.000,49.0,11.088333333333333,95.5,24.38022546895334,24.174413908427923,0.2058115605254187
manila,2024-11-17 13:46:00.000,43.0,8.465,76.9,23.135945622531224,22.746271271025304,0.3896743515059206
manila,2024-11-17 12:01:00.000,39.0,6.968333333333334,68.0,22.49423567216928,22.519482570987734,-0.0252468988184553
manila,2024-11-17 11:31:01.557,40.0,8.536666666666667,88.4,22.574567554297698,22.20900778593109,0.3655597683666087
manila,2024-11-17 11:01:00.001,39.0,7.03,71.9,22.395907965671995,22.033827217175084,0.3620807484969113
manila,2024-11-17 10:46:00.000,38.0,7.986666666666666,78.7,22.14858476348084,21.777938872353765,0.3706458911270687
manila,2024-11-17 09:46:00.000,29.0,5.828333333333333,57.3,20.55837609766239,20.612688580442512,-0.0543124827801229
manila,2024-11-17 08:46:00.000,24.0,3.4699999999999998,35.0,19.755324200999,19.35429103455762,0.4010331664413797
manila,2024-11-17 07:46:30.000,18.0,2.1416666666666666,20.1,18.44429477160765,17.93878420435582,0.5055105672518359
manila,2024-11-17 07:01:30.000,12.0,0.9166666666666666,6.2,17.373201328661235,17.24781204048632,0.1253892881749152
manila,2024-11-17 06:31:30.000,11.0,0.9133333333333333,4.4,17.059321517077457,16.89426612973381,0.1650553873436457
manila,2024-11-17 05:46:30.000,9.0,0.67,4.0,17.0475303846736,16.816094641459173,0.2314357432144262
manila,2024-11-17 04:31:30.000,4.0,0.6816666666666666,3.7,16.47804703680196,16.36154756779324,0.1164994690087191
manila,2024-11-17 03:01:30.000,6.0,0.8350000000000001,3.5,17.020736301723996,16.584353994543683,0.4363823071803132
manila,2024-11-17 02:01:30.000,11.0,0.88,6.0,17.882995369435825,17.18275767356499,0.7002376958708361
manila,2024-11-17 01:01:30.001,21.0,2.038333333333333,14.9,19.71606228689214,17.875042679223444,1.841019607668695
manila,2024-11-17 00:01:00.001,41.0,5.788333333333333,38.9,23.215765542740048,19.96666067328472,3.24910486945533
manila,2024-11-16 23:01:00.000,61.0,14.533333333333333,108.3,26.76045677017054,22.38604261471892,4.374414155451618
manila,2024-11-16 22:31:00.000,62.0,17.121666666666666,121.8,26.557670324407145,23.241124828996213,3.3165454954109315
manila,2024-11-16 21:01:00.000,61.0,15.03,131.7,26.335252457811794,24.227131737731767,2.108120720080027
manila,2024-11-16 20:01:05.152,84.0,29.023333333333333,234.9,30.345487023433087,26.393134463462328,3.952352559970759
manila,2024-11-16 19:01:10.809,116.0,56.79,447.8,35.6829555782143,29.511644884574967,6.171310693639331
manila,2024-11-16 18:16:01.127,128.0,81.19333333333334,651.6,37.62663191361576,30.71438129105454,6.912250622561221
manila,2024-11-16 17:45:57.680,124.0,84.84166666666667,656.3,36.98644538249266,31.151861218394423,5.834584164098239
manila,2024-11-16 16:45:51.350,118.0,71.02666666666667,573.3,36.30384619387784,31.066056019486243,5.237790174391595
manila,2024-11-16 16:01:03.364,114.0,62.825,521.5,35.68628379259528,30.58790302067877,5.09838077191651
manila,2024-11-16 15:45:57.762,114.0,66.13833333333334,536.1,35.61467908851591,30.3800035112176,5.234675577298312
manila,2024-11-16 14:46:15.613,107.0,59.690000000000005,491.8,34.44471633721531,29.30637404747217,5.138342289743136
manila,2024-11-16 13:45:55.867,99.0,50.465,444.9,32.77177001067774,27.88580767595168,4.88596233472606
manila,2024-11-16 12:46:16.517,91.0,40.333333333333336,363.8,31.20056117441679,27.23295112328595,3.967610051130841
manila,2024-11-16 11:46:10.088,89.0,44.73166666666667,420.9,31.02284758635848,27.38368608323964,3.639161503118842
manila,2024-11-16 10:46:00.000,81.0,45.181666666666665,402.5,29.44846506853016,26.45936659564123,2.98909847288893
manila,2024-11-16 09:46:00.000,63.0,26.445,262.8,26.152460734052177,24.13053521334811,2.021925520704066
manila,2024-11-16 08:46:00.000,47.0,14.635,143.6,23.472817320248414,22.06967899487936,1.4031383253690528
manila,2024-11-16 07:46:00.001,35.0,6.535,65.1,21.31846576869618,20.284233737419694,1.0342320312764848
manila,2024-11-16 06:46:30.000,24.0,2.893333333333333,21.8,19.207107236332345,18.64197756924896,0.565129667083383
manila,2024-11-16 05:46:30.000,19.0,1.8516666666666666,14.8,18.247031864606928,17.388863234781976,0.8581686298249522
manila,2024-11-16 04:46:30.000,11.0,2.485,14.1,17.075144425330173,16.474351812634282,0.6007926126958907
manila,2024-11-16 03:01:30.000,9.0,1.7683333333333333,16.6,17.45042072111078,16.655842345106763,0.7945783760040186
manila,2024-11-16 02:01:30.001,15.0,2.0349999999999997,19.5,18.50745234120221,17.206223108482853,1.3012292327193578
manila,2024-11-16 01:01:30.001,29.0,3.4866666666666664,26.5,21.205125062429097,18.19613901515485,3.008986047274245
manila,2024-11-16 00:01:00.000,54.0,11.54,77.5,25.36525716935138,20.19649243179888,5.168764737552504
manila,2024-11-15 23:01:00.000,78.0,22.378333333333334,156.4,29.314836344492,22.70119156672277,6.613644777769231
manila,2024-11-15 22:01:07.283,86.0,25.654999999999998,198.9,30.64082981577816,25.136573913564067,5.504255902214091
manila,2024-11-15 21:01:00.000,101.0,31.045,255.1,32.997531549702266,26.706970588730503,6.29056096097176
manila,2024-11-15 20:00:58.418,130.0,46.77166666666667,408.7,38.68183646357744,30.29713254493988,8.384703918637559
manila,2024-11-15 19:01:03.700,166.0,87.69333333333334,657.3,45.17186127764377,34.648252817813386,10.523608459830385
manila,2024-11-15 18:30:45.553,175.0,113.76333333333334,835.4,46.887476957354295,35.625438685283484,11.26203827207081
manila,2024-11-15 17:45:27.743,165.0,121.27666666666667,879.8,44.96962674215092,35.164119994721545,9.80550674742937
manila,2024-11-15 16:45:49.203,141.0,89.24,729.6,40.78158230360337,33.45617418353612,7.325408120067252
manila,2024-11-15 15:45:54.474,124.0,77.12833333333333,625.6,37.316980653863226,31.462751104446063,5.854229549417163
manila,2024-11-15 15:31:03.297,119.0,74.575,618.9,36.50648216168025,31.08940583740944,5.417076324270813
manila,2024-11-15 14:46:07.209,108.0,64.29333333333334,532.7,34.70677207555675,30.186189851138234,4.520582224418515
manila,2024-11-15 13:46:00.382,91.0,49.08833333333334,436.7,31.70310177506165,28.30851508421935,3.3945866908422992
manila,2024-11-15 12:01:01.660,93.0,53.26,454.4,31.897982446966488,27.869318411471472,4.028664035495016
manila,2024-11-15 11:01:00.001,94.0,49.593333333333334,458.1,31.82657527966692,27.70514512125853,4.121430158408391
manila,2024-11-15 10:46:00.677,92.0,49.445,456.6,31.655248750672147,27.637597865154063,4.017650885518084
manila,2024-11-15 09:01:00.000,85.0,31.459999999999997,303.6,30.71018964345476,26.614124278599743,4.096065364855008
manila,2024-11-15 08:01:00.001,94.0,39.723333333333336,348.1,32.437274214051854,26.96001967777226,5.477254536279595
manila,2024-11-15 07:46:00.000,92.0,39.35666666666667,347.5,31.87489101331824,26.622625074413083,5.252265938905154
manila,2024-11-15 06:46:30.001,68.0,26.666666666666668,229.4,27.46584012727991,23.63740164646423,3.828438480815681
manila,2024-11-15 05:46:30.001,37.0,8.341666666666667,63.0,21.2615858462974,19.227144302313214,2.0344415439841868
manila,2024-11-15 04:46:30.000,13.0,1.7933333333333332,11.3,17.219778566729314,16.465201362715167,0.7545772040141472
manila,2024-11-15 04:16:30.000,10.0,2.085,17.6,16.94231054474084,16.050259822509613,0.8920507222312288
manila,2024-11-15 03:16:30.000,8.0,2.421666666666667,13.2,16.85188402633835,15.93192792167931,0.9199561046590397
manila,2024-11-15 02:01:30.000,9.0,0.995,13.2,17.523920942068486,16.672898702280733,0.8510222397877527
manila,2024-11-15 01:01:30.000,14.0,2.195,19.1,18.543342504813047,17.234053208860708,1.3092892959523397
manila,2024-11-15 00:01:30.000,27.0,2.7866666666666666,19.5,20.810084868956285,18.77983346726984,2.0302514016864457
manila,2024-11-14 23:01:30.000,50.0,9.901666666666667,68.4,24.96448075332213,21.146573483106987,3.817907270215148
manila,2024-11-14 22:01:00.001,64.0,14.514999999999999,96.4,27.28725139323274,23.74133385884383,3.5459175343889093
manila,2024-11-14 21:01:00.000,76.0,19.686666666666667,152.5,29.27795025381519,25.731972724581965,3.5459775292332267
manila,2024-11-14 20:01:00.000,100.0,33.145,290.5,33.25059199651862,28.63962484160345,4.610967154915176
manila,2024-11-14 19:00:46.721,136.0,61.906666666666666,523.3,39.87455319838262,33.341343116808375,6.533210081574246
manila,2024-11-14 18:16:06.096,144.0,89.07666666666667,721.1,41.06414133934176,34.3210055047468,6.743135834594959
manila,2024-11-14 17:45:45.500,137.0,90.38166666666666,744.5,39.62939557495909,33.604738999953724,6.024656575005366
manila,2024-11-14 16:46:05.434,116.0,66.02,568.9,36.250529557115016,31.75970463738695,4.490824919728066
manila,2024-11-14 16:01:00.000,105.0,55.58833333333334,493.8,34.37603523775877,30.540441099705586,3.835594138053185
manila,2024-11-14 15:46:00.000,103.0,54.86333333333334,476.8,33.98780488440871,30.14720390586792,3.840600978540788
manila,2024-11-14 14:46:00.000,92.0,49.34,438.1,32.09357625191822,28.87169180244607,3.221884449472153
manila,2024-11-14 13:46:00.000,79.0,38.265,330.8,29.72037233916468,27.39916908994965,2.3212032492150207
manila,2024-11-14 12:01:00.000,87.0,46.019999999999996,405.4,31.030102293864363,27.69954283940764,3.330559454456729
manila,2024-11-14 11:01:00.000,91.0,45.39,418.6,31.453367604594284,28.18118894111344,3.272178663480844
manila,2024-11-14 10:46:00.000,90.0,44.80833333333333,430.1,31.35821226013713,28.22011011007632,3.138102150060813
manila,2024-11-14 09:01:00.000,96.0,35.79833333333333,345.3,32.55510973001502,28.6185222194738,3.936587510541223
manila,2024-11-14 08:01:00.000,105.0,48.04666666666667,400.5,34.537530691850094,29.169614289658178,5.367916402191916
manila,2024-11-14 07:46:00.000,101.0,48.348333333333336,405.1,33.856728942676725,28.81346885923601,5.04326008344071
manila,2024-11-14 06:46:30.000,71.0,29.87,259.0,28.101674367833617,24.84194574121846,3.259728626615157
manila,2024-11-14 05:46:30.000,38.0,8.775,80.2,21.83420771521742,20.02742249477077,1.806785220446649
manila,2024-11-14 04:46:30.000,12.0,1.8016666666666665,9.2,17.123521231987507,16.606099194359494,0.5174220376280125
manila,2024-11-14 03:01:30.000,7.0,1.7733333333333334,9.0,16.66775011198315,15.91494269363425,0.7528074183488993
manila,2024-11-14 02:01:30.000,9.0,1.325,11.8,17.32599556048463,16.489828358837627,0.836167201647001
manila,2024-11-14 01:01:30.000,16.0,1.9666666666666666,10.8,18.41074124396497,16.769575012764044,1.641166231200934
manila,2024-11-14 00:01:30.000,26.0,2.9766666666666666,23.2,19.42777911107696,17.43068949893456,1.9970896121424
manila,2024-11-13 23:01:00.000,41.0,6.258333333333334,47.8,22.667387289688005,20.19795848887104,2.469428800816967
manila,2024-11-13 22:01:00.000,57.0,10.146666666666667,88.2,26.087504184564125,23.66549034986981,2.422013834694315
manila,2024-11-13 21:01:00.000,72.0,15.963333333333333,131.9,28.53106444375496,25.76544464687923,2.765619796875725
manila,2024-11-13 20:01:00.000,97.0,27.848333333333336,254.6,32.724739327773925,28.909640500338767,3.8150988274351576
manila,2024-11-13 19:00:57.214,135.0,61.82666666666667,525.0,39.46465095344587,33.13815825969328,6.326492693752591
manila,2024-11-13 18:15:26.334,147.0,90.26,689.7,41.19303108191885,33.873655079511536,7.319376002407317
manila,2024-11-13 17:46:12.109,141.0,94.04166666666667,720.8,40.38941447222234,33.404199498027744,6.985214974194598
manila,2024-11-13 16:46:04.665,124.0,75.09333333333333,587.3,37.10852877115863,30.92905359517385,6.179475175984781
manila,2024-11-13 15:46:00.000,115.0,61.36333333333334,526.6,35.59121161197925,29.32358676656367,6.267624845415579
manila,2024-11-13 14:46:00.000,105.0,57.485,511.6,34.03093857370047,28.54865526472643,5.482283308974036
manila,2024-11-13 13:46:00.001,92.0,44.885,377.8,31.851409881114776,27.37064092886511,4.480768952249665
manila,2024-11-13 12:16:00.000,94.0,53.08166666666667,447.0,31.98097609509264,27.27663906341497,4.704337031677664
manila,2024-11-13 11:01:00.000,95.0,47.458333333333336,436.8,32.00647577935523,28.22026456647088,3.7862112128843535
manila,2024-11-13 10:46:00.000,94.0,48.28333333333333,448.4,32.07916981688195,28.36034659646964,3.718823220412318
manila,2024-11-13 10:31:00.000,92.0,45.19166666666667,420.1,31.829400084449407,28.50584819364103,3.3235518908083783
manila,2024-11-13 09:01:00.000,96.0,36.29,331.6,32.52084842004544,29.28756159827429,3.233286821771145
manila,2024-11-13 08:01:00.284,101.0,42.59666666666667,386.6,33.61291074585714,29.495245261610613,4.11766548424653
manila,2024-11-13 07:46:30.000,98.0,43.90833333333333,389.5,33.07724345226576,29.08632150736883,3.990921944896933
manila,2024-11-13 06:46:30.000,72.0,29.938333333333333,257.7,28.15830890444092,24.94569674911577,3.2126121553251465
manila,2024-11-13 05:46:30.001,38.0,9.536666666666667,80.2,21.66365626704205,19.95266789863528,1.7109883684067704
manila,2024-11-13 04:46:30.000,11.0,1.9849999999999999,10.4,16.98972794558364,16.618746584719656,0.3709813608639827
manila,2024-11-13 04:16:30.000,8.0,0.965,8.0,16.562536352997753,16.076111133846226,0.4864252191515277
manila,2024-11-13 03:01:30.000,7.0,1.3133333333333332,17.2,16.912002659427788,16.05917288627885,0.8528297731489367
manila,2024-11-13 02:01:30.001,10.0,1.895,13.2,17.56208595435777,16.51288830347909,1.0491976508786784
manila,2024-11-13 01:01:30.000,14.0,2.44,13.6,18.36576405937637,16.94952341344457,1.4162406459318078
manila,2024-11-13 00:01:30.000,23.0,3.43,21.6,20.07571131122284,18.415244007684606,1.6604673035382298
manila,2024-11-12 23:01:00.000,42.0,4.961666666666667,41.5,23.44312392039661,20.612039805616533,2.83108411478008
manila,2024-11-12 22:01:00.000,56.0,9.413333333333332,77.4,25.97540080942604,23.44736519232521,2.5280356171008265
manila,2024-11-12 21:01:00.000,73.0,14.806666666666667,132.1,28.769113684337675,25.72750509872941,3.041608585608266
manila,2024-11-12 20:01:00.000,99.0,28.715,261.0,33.25659219398295,29.287014851760084,3.969577342222863
manila,2024-11-12 19:01:11.326,135.0,64.61166666666666,525.7,39.60377880830218,33.571687359305294,6.032091448996887
manila,2024-11-12 18:30:22.230,143.0,85.57666666666667,677.3,40.9487033618118,34.360329630317366,6.588373731494436
manila,2024-11-12 17:45:32.940,135.0,91.84666666666666,742.7,39.39230373501159,33.51489998178268,5.877403753228911
manila,2024-11-12 16:46:05.584,117.0,71.225,584.1,36.55438624660077,31.585588128590764,4.968798118010007
manila,2024-11-12 16:16:00.000,108.0,63.56666666666667,524.9,34.79196763793706,30.425020139736457,4.366947498200606
manila,2024-11-12 15:46:00.000,102.0,59.705000000000005,490.3,33.93867487960236,29.671755158196707,4.266919721405653
manila,2024-11-12 14:46:00.000,93.0,49.815000000000005,417.1,32.07784594485667,28.293279503563152,3.784566441293517
manila,2024-11-12 13:01:00.001,82.0,31.845000000000002,279.8,30.22605102996305,26.876445112816164,3.349605917146885
manila,2024-11-12 12:01:00.001,92.0,48.45166666666667,413.6,31.87798578134644,27.67773219388209,4.200253587464353
manila,2024-11-12 11:01:00.000,101.0,49.41833333333333,455.4,33.15576722848911,28.43426269184365,4.721504536645462
manila,2024-11-12 10:46:02.074,102.0,49.25833333333333,450.2,33.42109647384707,28.57869509033395,4.8424013835131205
manila,2024-11-12 10:01:00.000,100.0,44.940000000000005,413.8,33.02612573111035,28.521008300412383,4.505117430697965
manila,2024-11-12 09:01:03.152,112.0,45.855000000000004,388.5,35.31789435772707,29.729998950562457,5.587895407164613
manila,2024-11-12 08:16:06.460,117.0,55.80833333333333,433.7,36.35346583574969,30.29146916390549,6.061996671844202
manila,2024-11-12 07:46:00.000,111.0,58.75833333333333,453.0,35.52436369415077,29.683051451484094,5.841312242666678
manila,2024-11-12 06:46:30.000,79.0,39.94833333333334,310.1,29.41058767402754,25.2980349669062,4.112552707121338
manila,2024-11-12 05:46:30.001,40.0,9.82,84.7,21.957803324873154,20.08719842718924,1.8706048976839185
manila,2024-11-12 04:46:30.000,10.0,1.345,9.9,16.930960939115792,16.595649579745974,0.3353113593698182
manila,2024-11-12 04:01:30.000,5.0,0.56,7.1,16.275212614280118,15.902179866911563,0.3730327473685531
manila,2024-11-12 03:01:30.001,4.0,0.43,4.7,16.250089148066728,15.807019394688488,0.443069753378241
manila,2024-11-12 02:01:30.000,6.0,0.5866666666666667,8.4,16.799255123103116,16.175266058708452,0.6239890643946637
manila,2024-11-12 01:01:30.000,11.0,1.0933333333333333,8.2,17.9049605313126,16.77684625564183,1.1281142756707716
manila,2024-11-12 00:01:30.000,19.0,2.4716666666666667,13.0,19.211306049336464,17.91190521083029,1.2994008385061733
manila,2024-11-11 23:01:30.000,31.0,3.5966666666666667,20.5,21.26367139740568,19.439697819611,1.8239735777946784
manila,2024-11-11 22:01:00.000,40.0,3.75,31.7,22.90380972365203,21.88326004964272,1.0205496740093096
manila,2024-11-11 21:01:00.001,50.0,5.086666666666667,46.7,24.67118525277376,24.062320838342394,0.6088644144313662
manila,2024-11-11 20:01:00.000,72.0,12.403333333333334,119.8,28.59276190417971,27.41871345891084,1.1740484452688698
manila,2024-11-11 19:01:01.586,104.0,35.755,324.0,34.20094477236332,31.423148294773068,2.777796477590254
manila,2024-11-11 18:00:19.030,111.0,56.0,520.4,35.26923408408933,31.84885307004068,3.4203810140486475
manila,2024-11-11 17:45:40.112,106.0,58.94833333333334,551.5,34.31191936745967,31.41681114711565,2.895108220344021
manila,2024-11-11 16:46:06.543,82.0,34.04333333333333,331.7,30.054800806976857,29.28052044444758,0.7742803625292787
manila,2024-11-11 16:01:04.839,72.0,28.728333333333335,267.6,28.414718990977875,28.00262065313206,0.4120983378458156
manila,2024-11-11 15:46:00.000,72.0,29.333333333333332,267.5,28.4710583768584,27.72313009776056,0.7479282790978381
manila,2024-11-11 14:46:00.001,68.0,26.80666666666667,250.5,27.903699873586035,26.68759490012946,1.2161049734565736
manila,2024-11-11 13:46:00.000,58.0,19.925,190.2,26.12892399108297,25.321616673064533,0.8073073180184416
manila,2024-11-11 12:01:00.850,60.0,17.91166666666667,169.1,26.1397634504738,25.38884010482468,0.7509233456491167
manila,2024-11-11 11:01:00.001,65.0,22.653333333333332,236.4,26.99383982905929,25.822874102358284,1.1709657267010058
manila,2024-11-11 10:46:00.000,64.0,24.738333333333333,260.7,26.91309550782485,25.88042286301656,1.03267264480829
manila,2024-11-11 09:01:02.162,63.0,13.873333333333333,158.0,26.697128279375303,27.450200916719115,-0.7530726373438128
manila,2024-11-11 08:01:00.000,68.0,15.065,168.4,27.42731891350984,28.98339017602828,-1.5560712625184436
manila,2024-11-11 07:46:00.001,66.0,15.576666666666666,166.6,26.984461083137816,28.770134234439425,-1.7856731513016086
manila,2024-11-11 06:46:30.000,52.0,8.9,99.3,23.756039205522384,24.92735945370592,-1.171320248183534
manila,2024-11-11 06:01:30.000,38.0,4.443333333333333,47.5,21.05670262590759,21.074028087111447,-0.0173254612038569
manila,2024-11-11 05:46:30.000,33.0,3.6,40.7,20.277996278487915,19.969635117897504,0.3083611605904117
manila,2024-11-11 04:46:30.000,10.0,0.43833333333333335,5.9,16.46778109521112,16.33489994247618,0.1328811527349387
manila,2024-11-11 03:01:30.000,3.0,0.36666666666666664,4.7,15.904246089678864,15.480773943516745,0.4234721461621191
manila,2024-11-11 02:01:30.000,4.0,0.505,4.5,16.625566959131564,16.190829727535093,0.4347372315964719
manila,2024-11-11 01:01:30.000,9.0,0.84,6.0,17.23062729605277,16.44491565489163,0.7857116411611393
manila,2024-11-11 00:01:00.000,17.0,1.405,12.5,18.72567868740532,17.86061225094138,0.8650664364639375
manila,2024-11-10 23:01:00.000,36.0,3.256666666666667,23.7,21.84389252157556,19.931282140903697,1.9126103806718648
manila,2024-11-10 22:01:02.089,48.0,7.536666666666666,59.3,23.918455716423946,22.15783549183434,1.7606202245896014
manila,2024-11-10 21:01:00.096,55.0,8.621666666666666,79.6,24.90994807592588,22.70369421057975,2.206253865346131
manila,2024-11-10 20:01:00.000,72.0,18.138333333333332,200.1,27.50835599992129,23.470033280122653,4.038322719798639
manila,2024-11-10 19:01:06.528,78.0,25.529999999999998,283.2,29.03398862014249,25.214510677810942,3.819477942331552
manila,2024-11-10 18:00:52.870,88.0,40.93,341.6,30.81241024362906,25.620076259977694,5.192333983651366
manila,2024-11-10 17:46:04.354,85.0,40.461666666666666,343.0,30.23298382900071,25.49710684886802,4.735876980132687
manila,2024-11-10 16:46:00.000,77.0,31.151666666666664,278.3,28.86193440309844,25.01974065153857,3.842193751559869
manila,2024-11-10 15:46:00.000,72.0,29.735,246.0,28.12724904055206,24.55550706482836,3.5717419757237003
manila,2024-11-10 14:46:00.000,64.0,21.60666666666667,172.6,26.692000096353468,23.683755547361347,3.008244548992121
manila,2024-11-10 14:01:00.001,56.0,17.53166666666667,145.8,25.44864410780573,22.96537970606507,2.4832644017406587
manila,2024-11-10 13:46:00.000,53.0,16.101666666666667,130.9,24.980706440392225,22.73112428898483,2.249582151407396
manila,2024-11-10 12:31:00.000,50.0,12.523333333333333,105.6,24.368315252078546,22.396610881217114,1.971704370861428
manila,2024-11-10 11:46:00.001,49.0,14.646666666666667,118.9,24.09787771283159,22.20285990394904,1.8950178088825569
manila,2024-11-10 10:46:00.000,46.0,13.598333333333333,122.7,23.33546198932164,21.38603719931676,1.949424790004873
manila,2024-11-10 10:01:00.000,41.0,13.228333333333333,123.3,22.43520916958336,20.686882187180945,1.748326982402414
manila,2024-11-10 09:46:00.001,37.0,10.756666666666666,102.2,21.787070665560616,20.357244104970302,1.4298265605903104
manila,2024-11-10 08:46:00.000,27.0,5.576666666666667,52.7,20.07497309757795,19.15929083438165,0.9156822631962988
manila,2024-11-10 07:46:30.000,20.0,2.086666666666667,21.1,18.76463455004282,18.07821071165874,0.6864238383840799
manila,2024-11-10 06:46:30.000,15.0,1.1516666666666666,8.8,17.860868262839745,17.12275294246822,0.7381153203715236
manila,2024-11-10 05:46:30.001,12.0,0.8466666666666666,6.5,17.38328324563728,16.626316183409212,0.7569670622280675
manila,2024-11-10 04:46:30.000,8.0,0.9883333333333333,8.5,17.129701487620714,16.552044341065056,0.5776571465556586
manila,2024-11-10 03:01:30.000,6.0,0.5850000000000001,11.6,17.083277453241173,16.489571045742977,0.5937064074981961
manila,2024-11-10 02:01:30.001,11.0,1.0516666666666667,7.8,17.923037692844247,17.044551549654415,0.8784861431898321
manila,2024-11-10 01:01:30.001,21.0,1.775,15.2,19.60712248818796,17.702555049422056,1.9045674387659053
manila,2024-11-10 00:01:30.000,36.0,4.795,36.9,22.197287822340414,19.69894093620538,2.498346886135036
manila,2024-11-09 23:01:00.000,56.0,11.526666666666667,85.5,25.583286765568417,21.966623916106897,3.61666284946152
manila,2024-11-09 22:31:00.000,59.0,13.945,109.2,26.021719359192225,23.08818886260083,2.933530496591395
manila,2024-11-09 21:01:00.389,62.0,12.308333333333334,110.0,26.64600663219645,24.372503616789487,2.273503015406959
manila,2024-11-09 20:01:05.294,85.0,27.904999999999998,250.0,30.358867601781803,26.179163479258364,4.17970412252344
manila,2024-11-09 19:00:59.017,119.0,55.70333333333333,472.4,36.080443373189055,29.25524456358492,6.825198809604135
manila,2024-11-09 18:01:00.787,129.0,84.95833333333333,692.9,37.82677258213123,30.74561833477789,7.081154247353336
manila,2024-11-09 17:45:31.339,127.0,86.12666666666668,711.0,37.63102210624609,31.036326802598783,6.594695303647306
manila,2024-11-09 16:45:34.573,119.0,73.69,601.6,36.435314335456425,30.85101536739646,5.584298968059965
manila,2024-11-09 15:45:39.136,113.0,65.38666666666667,543.2,35.380222213810846,30.12106838213727,5.259153831673576
manila,2024-11-09 14:46:00.456,104.0,56.17833333333333,491.1,33.727791896674205,29.01229937715309,4.7154925195211135
manila,2024-11-09 13:45:41.292,93.0,46.69166666666667,396.5,31.751175119029025,27.78389773577728,3.967277383251752
manila,2024-11-09 12:15:48.155,88.0,43.17333333333333,372.0,30.7628513465052,27.249204716075063,3.513646630430131
manila,2024-11-09 11:46:02.902,88.0,45.905,393.6,30.60041099754209,27.08539274922792,3.5150182483141705
manila,2024-11-09 10:46:02.060,84.0,48.218333333333334,420.2,29.84579241288857,26.27336099837159,3.572431414516984
manila,2024-11-09 09:46:00.672,67.0,28.790000000000003,292.8,26.875203038493044,24.13346977868437,2.7417332598086688
manila,2024-11-09 08:46:00.000,51.0,14.761666666666667,152.2,24.184143369479337,22.143666866353872,2.040476503125465
manila,2024-11-09 07:46:30.000,39.0,8.014999999999999,75.3,22.09081385033224,20.38531868615163,1.7054951641806078
manila,2024-11-09 07:31:30.000,36.0,5.9399999999999995,62.7,21.4597860978618,19.998267863155416,1.4615182347063822
manila,2024-11-09 06:46:30.001,27.0,3.3666666666666667,28.9,19.71741495380993,18.64351121389998,1.0739037399099516
manila,2024-11-09 05:46:30.001,22.0,2.013333333333333,18.7,18.61633360347389,17.4343115900706,1.1820220134032908
manila,2024-11-09 04:46:30.001,11.0,1.3983333333333334,7.7,17.08718107656023,16.4841418136142,0.6030392629460302
manila,2024-11-09 03:01:30.000,10.0,1.3833333333333333,8.7,17.37280949083384,16.47501356874346,0.8977959220903813
manila,2024-11-09 02:01:30.000,15.0,1.3866666666666667,14.9,18.573973917771887,17.238770680092514,1.335203237679373
manila,2024-11-09 01:01:30.000,27.0,3.4650000000000003,24.2,20.612910967074043,17.97159973886331,2.641311228210732
manila,2024-11-09 00:01:30.000,47.0,7.296666666666667,56.0,24.01687893747083,20.158830088881288,3.85804884858954
manila,2024-11-08 23:01:00.000,69.0,16.563333333333333,119.9,27.83451176245237,22.92979322397709,4.904718538475279
manila,2024-11-08 22:01:00.000,74.0,17.748333333333335,140.4,28.579059748629337,25.370905277235806,3.208154471393531
manila,2024-11-08 21:01:04.487,86.0,24.90666666666667,214.2,30.60534059994835,26.877301799876232,3.7280388000721167
manila,2024-11-08 20:01:11.939,112.0,38.28333333333333,347.8,35.28530130554096,30.334403633635656,4.950897671905306
manila,2024-11-08 19:00:30.006,152.0,77.64,639.7,42.30976896975653,34.70603735820346,7.603731611553073
manila,2024-11-08 18:30:42.149,158.0,97.20166666666667,765.6,43.39827971877515,35.52896701881264,7.869312699962514
manila,2024-11-08 17:59:58.316,156.0,108.41166666666666,830.9,42.92596511545477,35.42949017396801,7.49647494148676
manila,2024-11-08 16:45:37.631,133.0,85.35833333333333,699.5,39.04228500869505,33.4765742005655,5.565710808129552
manila,2024-11-08 15:46:19.275,119.0,71.99333333333334,597.2,36.349782959951455,31.593075820659312,4.756707139292143
manila,2024-11-08 14:46:06.597,107.0,65.68833333333333,557.9,34.36658404716071,30.203494062174894,4.163089984985813
manila,2024-11-08 14:01:00.059,96.0,54.78333333333333,459.9,32.404994865837146,28.815216454006656,3.5897784118304905
manila,2024-11-08 13:46:00.000,91.0,51.42166666666667,430.9,31.522344355833084,28.27299413413698,3.2493502216961048
manila,2024-11-08 12:01:00.000,96.0,54.151666666666664,469.6,32.324758723976544,27.94969744981612,4.37506127416043
manila,2024-11-08 11:31:00.000,97.0,52.58833333333334,475.8,32.466224699368965,28.048636660702115,4.41758803866685
manila,2024-11-08 10:46:00.000,93.0,50.18333333333333,451.1,31.87179188512821,27.65738637785616,4.214405507272062
manila,2024-11-08 10:01:00.001,83.0,37.141666666666666,345.3,30.14871258641569,26.64826842306676,3.5004441633489414
manila,2024-11-08 09:01:03.593,83.0,31.881666666666668,300.8,30.401990641439607,26.58798119762617,3.814009443813436
manila,2024-11-08 08:01:00.000,91.0,37.211666666666666,331.7,31.88579685976492,26.90660524915898,4.979191610605941
manila,2024-11-08 07:46:00.000,89.0,38.29666666666667,335.7,31.64104621803644,26.76626588278377,4.874780335252662
manila,2024-11-08 06:46:30.000,64.0,24.563333333333333,218.5,27.00386973043452,23.82153110398788,3.1823386264466365
manila,2024-11-08 05:46:30.000,37.0,8.38,65.6,21.4049483392298,19.39708871604496,2.007859623184835
manila,2024-11-08 04:46:30.001,13.0,2.21,20.9,17.27782439175279,16.47611294505441,0.8017114466983806
manila,2024-11-08 03:46:30.000,9.0,2.4766666666666666,17.6,16.75637083224685,15.83619113257872,0.9201796996681324
manila,2024-11-08 02:01:30.000,9.0,1.29,10.0,17.425708783358335,16.665895588786316,0.7598131945720183
manila,2024-11-08 01:01:30.000,14.0,1.825,9.6,18.406918434534305,17.144689293218324,1.2622291413159807
manila,2024-11-08 00:01:30.001,24.0,3.4866666666666664,19.1,20.251596871557783,18.74037705295406,1.511219818603724
manila,2024-11-07 23:01:00.000,44.0,6.823333333333333,50.9,23.63686058085573,20.93904801708699,2.697812563768739
manila,2024-11-07 22:01:00.000,55.0,9.645000000000001,73.0,25.65949540065226,23.682673002364385,1.97682239828788
manila,2024-11-07 21:01:00.000,70.0,15.553333333333335,130.6,28.18137319317609,25.72438442797112,2.456988765204976
manila,2024-11-07 20:01:06.916,95.0,25.715,236.3,32.44016074262041,28.89631746464103,3.543843277979377
manila,2024-11-07 19:00:39.062,132.0,61.54833333333333,499.5,39.10473754737738,33.467277143846005,5.637460403531378
manila,2024-11-07 18:30:56.874,141.0,81.13333333333334,665.4,40.35112003366224,34.169536249981135,6.181583783681106
manila,2024-11-07 17:45:57.419,136.0,92.26666666666667,761.7,39.47445364142102,33.84719908813625,5.627254553284772
manila,2024-11-07 17:31:10.385,128.0,82.91499999999999,701.0,38.17662993806462,33.44321826132903,4.733411676735592
manila,2024-11-07 16:46:01.409,113.0,64.145,552.9,35.83371583644357,32.068094006617166,3.765621829826401
manila,2024-11-07 15:46:00.000,99.0,53.66833333333333,464.0,33.35673173761349,30.13378311574638,3.222948621867108
manila,2024-11-07 14:46:00.000,93.0,50.513333333333335,437.5,32.10679561346811,28.762312323127247,3.344483290340861
manila,2024-11-07 13:46:08.608,81.0,39.86833333333333,355.1,30.271031875049616,27.702590970775944,2.568440904273672
manila,2024-11-07 13:01:00.000,79.0,34.83166666666667,308.1,29.686555165320023,27.05366814248871,2.632887022831316
manila,2024-11-07 12:01:00.000,89.0,47.461666666666666,409.2,31.120163108676,27.52721853956584,3.5929445691101627
manila,2024-11-07 11:01:00.664,93.0,47.919999999999995,432.2,31.89811431415237,28.239854336485728,3.65825997766664
manila,2024-11-07 10:46:00.000,93.0,48.22666666666667,427.6,31.86041693285182,28.316999401494016,3.543417531357804
manila,2024-11-07 09:01:00.000,95.0,38.1,324.5,32.28921846613496,28.728024796673385,3.561193669461577
manila,2024-11-07 08:01:00.000,103.0,46.763333333333335,384.0,34.19142354971039,29.28246273348552,4.908960816224877
manila,2024-11-07 07:46:00.001,99.0,47.391666666666666,395.9,33.47777683534992,28.884769326209103,4.5930075091408185
manila,2024-11-07 06:46:00.001,72.0,32.19833333333334,277.5,28.241942211620792,24.90458147086975,3.3373607407510413
manila,2024-11-07 05:46:30.001,40.0,11.295,90.8,22.045691247858777,19.90224854406789,2.143442703790882
manila,2024-11-07 05:16:30.000,24.0,5.288333333333333,38.6,19.02231167702617,17.802472197573916,1.2198394794522542
manila,2024-11-07 04:46:30.000,13.0,2.35,17.5,17.41687070130877,16.625354155828173,0.7915165454805972
manila,2024-11-07 03:01:30.000,9.0,1.5650000000000002,19.7,17.050245421826766,16.010743010929914,1.0395024108968514
manila,2024-11-07 02:01:30.000,12.0,2.1416666666666666,15.4,17.68401576633966,16.395569563563686,1.2884462027759724
manila,2024-11-07 01:01:30.000,18.0,2.025,12.7,18.94472827278729,16.93792114062052,2.00680713216677
manila,2024-11-07 00:01:30.000,37.0,6.35,48.2,22.51381423558636,18.65722662795857,3.856587607627784
manila,2024-11-06 23:01:30.000,63.0,12.026666666666667,91.1,26.87278891954071,20.77990607318978,6.092882846350932
manila,2024-11-06 22:01:00.000,82.0,21.221666666666668,210.6,29.956051137981817,23.29474262991305,6.661308508068771
manila,2024-11-06 21:46:30.000,84.0,22.14,240.2,30.23710170333309,23.75227825825349,6.484823445079599
manila,2024-11-06 21:01:00.000,81.0,21.158333333333335,220.6,30.0960737626812,25.851917238758016,4.244156523923177
manila,2024-11-06 20:01:00.000,99.0,31.808333333333334,268.9,33.24258889436193,29.02182636757485,4.220762526787084
manila,2024-11-06 19:00:57.885,136.0,64.16666666666667,537.1,39.88419346163369,33.360062227333614,6.524131234300079
manila,2024-11-06 18:30:30.334,144.0,81.28833333333334,670.3,41.064144961357655,34.201781789931815,6.862363171425841
manila,2024-11-06 17:45:39.798,137.0,92.115,760.3,39.81230651215084,33.85699063667178,5.955315875479059
manila,2024-11-06 16:46:08.023,116.0,70.155,582.7,36.1758080692241,31.60752066940496,4.568287399819138
manila,2024-11-06 15:46:02.780,105.0,58.56166666666666,500.8,34.16500688010252,29.77876230203879,4.386244578063728
manila,2024-11-06 14:46:02.302,98.0,54.335,462.4,33.07213274823916,28.841953086600533,4.23017966163863
manila,2024-11-06 13:46:30.000,86.0,44.836666666666666,378.4,31.01122242464004,27.70031438424804,3.310908040392004
manila,2024-11-06 12:01:00.000,92.0,50.526666666666664,466.0,31.80472713655989,27.72578999832229,4.0789371382376025
manila,2024-11-06 11:01:00.000,98.0,51.266666666666666,452.6,32.78723139169934,28.40892645710455,4.378304934594794
manila,2024-11-06 10:46:00.000,99.0,50.45,466.8,32.87718689712325,28.43696771054968,4.440219186573579
manila,2024-11-06 09:01:00.000,102.0,41.718333333333334,372.6,33.52033724889159,29.31213207141535,4.208205177476245
manila,2024-11-06 08:16:00.001,106.0,46.733333333333334,383.8,34.67818380202441,29.8567004110298,4.821483390994608
manila,2024-11-06 08:01:02.571,105.0,46.09,390.2,34.47891991318647,29.532189102048903,4.94673081113757
manila,2024-11-06 07:46:00.000,101.0,48.25833333333333,401.0,33.79545347142614,29.075465476332788,4.719987995093355
manila,2024-11-06 06:46:30.000,75.0,31.096666666666668,269.3,28.868551732698133,25.196040260222773,3.67251147247536
manila,2024-11-06 05:46:30.001,42.0,9.883333333333333,82.6,22.51568314635592,20.19235371794118,2.3233294284147377
manila,2024-11-06 04:46:30.000,15.0,2.195,12.2,17.387361380898227,16.41992430706309,0.9674370738351356
manila,2024-11-06 03:31:30.001,9.0,1.4549999999999998,8.5,16.80025200381167,15.78993607719972,1.010315926611952
manila,2024-11-06 02:01:30.000,8.0,1.2666666666666666,8.4,16.99356472047086,16.16552720229971,0.8280375181711506
manila,2024-11-06 01:01:30.000,14.0,2.4050000000000002,10.3,18.30570725224512,16.86457804865855,1.4411292035865664
manila,2024-11-06 00:01:30.000,25.0,3.7,24.1,20.1801113429641,18.16533551233541,2.0147758306286896
manila,2024-11-05 23:01:30.001,46.0,5.758333333333334,52.9,23.872973068366427,20.38872389642909,3.484249171937336
manila,2024-11-05 22:01:00.001,62.0,10.715,92.6,26.95594881349247,23.36063964964888,3.5953091638435914
manila,2024-11-05 21:01:00.000,84.0,21.288333333333334,198.1,30.607316964239768,25.62959259509148,4.977724369148287
manila,2024-11-05 20:01:00.000,110.0,35.47833333333333,330.6,35.16296293348966,29.28391112952192,5.879051803967741
manila,2024-11-05 19:00:50.565,142.0,72.685,577.5,41.058453258664464,33.760153606117925,7.29829965254654
manila,2024-11-05 18:30:32.656,147.0,90.26,723.1,41.87366855645586,34.53543915430868,7.338229402147178
manila,2024-11-05 17:31:22.500,128.0,84.945,706.3,38.29917962560285,33.22254498097016,5.076634644632684
manila,2024-11-05 16:46:01.251,114.0,66.61666666666666,573.4,35.77331620176584,31.223695823908244,4.549620377857593
manila,2024-11-05 15:46:00.000,99.0,58.193333333333335,487.5,33.228344557320206,29.32181428420441,3.906530273115788
manila,2024-11-05 15:31:02.473,96.0,54.88166666666667,448.0,32.58740871624066,29.065000246902773,3.5224084693378863
manila,2024-11-05 14:46:00.000,89.0,47.84166666666667,432.4,31.374245698507192,28.20354341884777,3.170702279659423
manila,2024-11-05 13:46:00.000,79.0,38.15833333333333,342.1,29.686845915556592,27.063010088522685,2.623835827033908
manila,2024-11-05 12:01:00.000,89.0,47.651666666666664,406.6,31.15755541141878,27.39680415914989,3.7607512522688857
manila,2024-11-05 11:01:00.001,96.0,47.843333333333334,439.7,32.48102837408461,28.42073263651129,4.06029573757332
manila,2024-11-05 10:31:00.001,97.0,49.05,454.9,32.56835478269041,28.6765449830037,3.891809799686712
manila,2024-11-05 09:01:00.001,102.0,41.515,370.4,33.555844243967854,29.80127928054436,3.754564963423494
manila,2024-11-05 08:01:00.000,112.0,53.806666666666665,446.1,35.63440219543014,30.208428713074625,5.425973482355516
manila,2024-11-05 07:46:00.000,108.0,52.80166666666666,428.6,34.93380376615745,29.75758870243095,5.176215063726502
manila,2024-11-05 07:01:30.000,89.0,43.84,359.3,31.57998805433102,26.83368659847808,4.746301455852944
manila,2024-11-05 06:46:30.000,79.0,36.181666666666665,290.5,29.46274774178548,25.39747732906538,4.065270412720093
manila,2024-11-05 05:46:30.000,43.0,9.363333333333333,84.1,22.41130509533768,20.06101742911656,2.3502876662211243
manila,2024-11-05 04:46:30.000,14.0,1.0466666666666666,13.8,17.264516320012188,16.382158026704058,0.8823582933081298
manila,2024-11-05 03:01:30.000,9.0,1.375,15.5,16.952540001866744,15.698727710682224,1.25381229118452
manila,2024-11-05 02:01:30.000,13.0,1.4549999999999998,11.1,17.622745981369064,15.98556937254482,1.6371766088242443
manila,2024-11-05 01:01:30.000,18.0,2.3016666666666667,15.9,18.847063269381803,16.62786587991526,2.219197389466544
manila,2024-11-05 00:01:30.000,22.0,2.033333333333333,13.6,19.489010483914623,17.584502565919266,1.9045079179953568
manila,2024-11-04 23:01:30.000,30.0,4.04,27.3,21.08603913409725,19.42945917815265,1.6565799559446006
manila,2024-11-04 22:01:00.000,43.0,4.323333333333333,37.6,23.568038308059663,21.87201620078889,1.6960221072707675
manila,2024-11-04 21:01:00.000,59.0,9.331666666666667,91.0,26.23497196441776,23.988275357613944,2.246696606803809
manila,2024-11-04 20:01:00.826,82.0,22.66166666666667,196.6,30.04973678979036,26.998699067170755,3.051037722619604
manila,2024-11-04 19:00:50.629,118.0,57.3,466.7,36.53378538931435,31.17555061048668,5.358234778827672
manila,2024-11-04 18:30:44.213,125.0,75.02166666666668,611.8,37.750278878105526,31.984802655677605,5.765476222427921
manila,2024-11-04 17:45:33.198,115.0,73.73166666666665,640.2,35.961979302600675,31.404888270366488,4.557091032234187
manila,2024-11-04 16:46:04.908,97.0,51.90333333333333,475.1,32.8941108577017,29.37696055572434,3.517150301977356
manila,2024-11-04 16:16:01.428,88.0,46.141666666666666,417.0,31.162228498119067,28.25420961811641,2.9080188800026576
manila,2024-11-04 15:46:00.000,85.0,45.184999999999995,401.6,30.75328102536264,27.61450268629889,3.138778339063748
manila,2024-11-04 14:46:00.000,77.0,38.416666666666664,376.2,29.32973237866875,26.56304496392174,2.766687414747011
manila,2024-11-04 13:46:03.771,66.0,29.646666666666665,280.1,27.379777733969565,25.24077172756976,2.139006006399807
manila,2024-11-04 12:01:00.000,75.0,37.916666666666664,337.5,28.81886894860256,25.32819968572657,3.4906692628759863
manila,2024-11-04 11:16:00.001,77.0,33.735,323.0,29.149219341867703,25.884887313659043,3.26433202820866
manila,2024-11-04 10:46:03.543,75.0,33.8,319.5,28.81606975793316,25.96230274174493,2.853767016188229
manila,2024-11-04 09:01:02.711,81.0,28.654999999999998,269.0,29.818786044537955,27.37133355897063,2.447452485567325
manila,2024-11-04 08:01:00.000,99.0,41.18833333333334,367.1,32.96349798462478,28.749448384601564,4.214049600023216
manila,2024-11-04 07:46:00.000,99.0,41.751666666666665,367.9,32.813029567114555,28.6096093247872,4.203420242327354
manila,2024-11-04 06:46:30.001,81.0,36.42166666666667,311.1,29.3162929452256,25.26529953486772,4.050993410357876
manila,2024-11-04 06:01:30.000,54.0,15.74,142.9,23.876741025211025,21.08082963132456,2.795911393886464
manila,2024-11-04 05:46:30.001,47.0,12.541666666666666,110.6,22.411642324268065,19.82195512464226,2.5896871996258035
manila,2024-11-04 04:46:30.000,13.0,1.18,8.9,16.58179515751967,15.957012926387195,0.6247822311324764
manila,2024-11-04 03:46:30.000,4.0,0.565,3.1,15.612147227742724,15.062930475664796,0.5492167520779283
manila,2024-11-04 02:01:30.000,6.0,0.48666666666666664,1.9,16.316394250694902,15.517886600655956,0.7985076500389461
manila,2024-11-04 01:01:30.000,13.0,0.7083333333333334,6.3,17.18873693247157,15.762089820290658,1.4266471121809126
manila,2024-11-04 00:01:00.000,17.0,1.0133333333333332,11.7,18.14339927422412,17.208707506974655,0.9346917672494612
manila,2024-11-03 23:01:00.000,32.0,3.091666666666667,25.2,20.64332336637206,19.35147945336081,1.291843913011249
manila,2024-11-03 22:01:00.000,44.0,4.118333333333333,47.6,22.876360818969484,21.694314882498404,1.1820459364710807
manila,2024-11-03 21:01:00.000,48.0,6.163333333333333,97.0,23.40762217646307,22.23818197297876,1.1694402034843137
manila,2024-11-03 20:01:00.001,55.0,10.83,144.3,24.500451177626378,23.198128197423426,1.302322980202952
manila,2024-11-03 19:00:45.963,67.0,21.87,236.3,26.60041121437912,24.760780050472505,1.8396311639066127
manila,2024-11-03 18:15:50.612,73.0,31.39333333333333,340.3,27.666642003115328,25.15846566364802,2.508176339467308
manila,2024-11-03 17:45:48.509,69.0,31.785,297.1,27.12098023302028,25.16403093552628,1.9569492974940024
manila,2024-11-03 16:01:00.001,66.0,24.561666666666667,208.7,26.60093107470557,24.33707771921612,2.263853355489452
manila,2024-11-03 15:31:00.528,64.0,22.745,208.5,26.177671299237208,23.86595033330224,2.3117209659349705
manila,2024-11-03 14:46:00.000,58.0,18.18,168.4,25.27143856681953,23.20474101322172,2.066697553597809
manila,2024-11-03 13:46:00.000,47.0,12.376666666666667,110.7,23.43011847459585,22.11225819386113,1.317860280734724
manila,2024-11-03 12:01:00.001,42.0,11.141666666666667,85.0,22.68050521675521,21.90282170335879,0.7776835133964255
manila,2024-11-03 11:46:00.000,43.0,13.07,94.1,22.71963338333404,21.87889994277926,0.8407334405547822
manila,2024-11-03 10:46:00.000,38.0,12.306666666666667,98.2,21.61195677098008,21.05511874147638,0.5568380295036981
manila,2024-11-03 09:46:00.000,32.0,9.143333333333334,80.9,20.670450647593764,20.136186828431264,0.5342638191625007
manila,2024-11-03 08:46:30.000,23.0,4.411666666666666,44.1,19.172188827098783,18.86072806782512,0.3114607592736611
manila,2024-11-03 08:16:30.000,20.0,2.565,23.9,18.45677441501816,18.22232995885036,0.2344444561678003
manila,2024-11-03 07:46:30.000,16.0,1.9866666666666668,19.5,17.991535192975224,17.83083792368402,0.1606972692912052
manila,2024-11-03 06:46:30.000,10.0,0.8166666666666667,6.8,16.646902517472956,16.75997147962734,-0.113068962154383
manila,2024-11-03 05:46:30.000,8.0,0.5416666666666666,3.8,16.417182029569698,16.303315562568446,0.1138664670012516
manila,2024-11-03 04:46:30.000,3.0,0.38333333333333336,2.4,15.81861302466008,16.03720143070121,-0.2185884060411282
manila,2024-11-03 04:01:30.001,1.0,0.19166666666666668,1.4,15.745712454487368,16.01292165722962,-0.2672092027422508
manila,2024-11-03 03:01:30.000,2.0,0.5283333333333333,3.5,15.980908766340496,16.16409357723416,-0.183184810893664
manila,2024-11-03 02:01:30.000,3.0,0.24333333333333332,1.4,16.281325112752697,16.729430088186852,-0.4481049754341555
manila,2024-11-03 01:01:30.001,6.0,0.6866666666666668,4.4,16.815354354338997,17.32033656202951,-0.5049822076905137
manila,2024-11-03 00:01:00.001,14.0,0.45666666666666667,3.8,18.103390281717434,19.145851936441566,-1.042461654724132
manila,2024-11-02 23:01:30.000,26.0,1.6866666666666668,15.5,20.106135540729163,21.70227453359722,-1.596138992868056
manila,2024-11-02 22:01:00.000,33.0,2.395,19.3,21.3438852087682,23.25858164407416,-1.914696435305963
manila,2024-11-02 21:01:00.000,37.0,3.021666666666667,30.7,21.74976832893746,23.537280741299075,-1.7875124123616146
manila,2024-11-02 20:01:00.000,48.0,7.175,83.4,23.634066574452625,25.767786849459032,-2.133720275006408
manila,2024-11-02 19:00:50.306,59.0,15.903333333333334,161.3,25.51566807364685,29.30557901475857,-3.789910941111725
manila,2024-11-02 18:01:04.346,63.0,26.881666666666668,255.2,26.057400722036835,31.03172284277764,-4.974322120740805
manila,2024-11-02 17:45:41.478,61.0,26.404999999999998,220.7,25.957149831831646,31.343506377699963,-5.386356545868317
manila,2024-11-02 17:15:47.104,58.0,25.541666666666668,204.0,25.55107925039032,31.4586861848835,-5.9076069344931845
manila,2024-11-02 16:46:08.807,56.0,25.913333333333334,195.0,25.01078581955259,30.92059562379374,-5.909809804241149
manila,2024-11-02 15:45:54.285,49.0,15.188333333333333,129.6,23.81704452374433,30.00721454055977,-6.190170016815443
manila,2024-11-02 14:45:51.352,44.0,10.74,93.9,22.82124403070008,28.768875121681905,-5.947631090981826
manila,2024-11-02 13:45:32.051,37.0,6.58,52.4,21.674656817703365,27.475003103553966,-5.800346285850601
manila,2024-11-02 13:01:07.541,35.0,5.463333333333334,44.0,21.26607360415264,26.950941976503465,-5.684868372350824
manila,2024-11-02 12:01:06.975,37.0,8.518333333333334,72.3,21.665452324510856,26.887296249492422,-5.22184392498157
manila,2024-11-02 11:01:07.476,39.0,10.293333333333333,91.7,21.654449590519835,26.227720591969216,-4.573271001449381
manila,2024-11-02 10:46:00.000,37.0,11.046666666666665,99.9,21.47410089912587,25.81134041888493,-4.337239519759066
manila,2024-11-02 09:46:00.000,30.0,7.528333333333333,75.7,20.06574400914516,23.394607072048643,-3.328863062903487
manila,2024-11-02 09:01:00.000,24.0,4.756666666666666,52.0,19.16800473564148,21.81083847659905,-2.642833740957574
manila,2024-11-02 08:46:00.000,23.0,4.02,42.6,18.87393677782031,21.390942523643428,-2.5170057458231163
manila,2024-11-02 07:46:30.000,17.0,1.25,13.1,18.020324932169032,19.922325134612493,-1.9020002024434604
manila,2024-11-02 06:46:30.001,11.0,0.7633333333333333,4.4,16.81077409974123,18.195364124175896,-1.3845900244346652
manila,2024-11-02 05:31:30.000,8.0,0.575,5.9,16.153672167302908,16.8620973450226,-0.7084251777196933
manila,2024-11-02 05:01:30.000,3.0,0.305,2.5,15.651226418710744,16.54638643141477,-0.8951600127040269
manila,2024-11-02 04:46:30.000,2.0,0.31333333333333335,2.1,15.53675566175326,16.39431519901811,-0.8575595372648479
manila,2024-11-02 03:01:30.000,0.0,0.10833333333333334,2.9,15.946588632553842,16.64752291529126,-0.7009342827374159
manila,2024-11-02 02:01:30.000,1.0,0.065,0.3,16.066734061906992,17.01060515465127,-0.9438710927442776
manila,2024-11-02 01:01:30.001,5.0,0.23333333333333334,1.9,16.68652778230603,17.65620139475651,-0.9696736124504816
manila,2024-11-02 00:01:30.000,11.0,0.7533333333333334,5.1,17.720450217439257,19.758009816017765,-2.0375595985785075
manila,2024-11-01 23:01:00.000,21.0,1.015,9.9,19.38834991645234,22.58517557096093,-3.19682565450859
manila,2024-11-01 22:01:00.000,30.0,2.2483333333333335,16.6,20.99089467428473,25.24367205989975,-4.252777385615019
manila,2024-11-01 21:01:00.000,37.0,5.408333333333333,43.5,22.12003771237769,26.6977636036422,-4.577725891264507
manila,2024-11-01 20:01:00.000,46.0,10.876666666666667,86.2,23.554571795567544,29.635210352640605,-6.080638557073062
manila,2024-11-01 19:01:04.768,53.0,21.045,146.6,24.86040214087821,34.573102857440816,-9.712700716562598
manila,2024-11-01 18:30:37.766,56.0,27.30666666666667,174.6,25.321091031626533,36.17668882916228,-10.855597797535747
manila,2024-11-01 17:46:12.329,51.0,28.105,185.8,24.557121560585355,36.25273362052534,-11.695612059939986
manila,2024-11-01 16:46:01.820,45.0,22.583333333333332,139.2,23.29017711513043,33.997984697406906,-10.707807582276477
manila,2024-11-01 15:31:00.000,39.0,11.985000000000001,88.4,22.193100174792143,31.30339803237813,-9.110297857585987
manila,2024-11-01 15:01:05.519,37.0,11.286666666666667,88.1,21.687020666776693,30.40292599769416,-8.715905330917465
manila,2024-11-01 14:46:00.000,35.0,9.83,76.7,21.42408363661403,29.79498468912722,-8.37090105251319
manila,2024-11-01 13:46:00.000,31.0,7.911666666666666,60.2,20.58599508182199,27.64142738296836,-7.055432301146368
manila,2024-11-01 12:01:00.000,34.0,9.443333333333333,71.1,20.80185105324435,26.76846441609021,-5.9666133628458695
manila,2024-11-01 11:01:00.000,36.0,12.673333333333334,102.0,21.03520275732869,26.392282745887048,-5.357079988558354
manila,2024-11-01 10:46:00.000,35.0,11.853333333333333,95.0,20.926008622042467,26.167818834213715,-5.241810212171249
manila,2024-11-01 09:46:00.000,30.0,7.651666666666667,67.1,19.966988465299096,24.58548664594872,-4.618498180649617
manila,2024-11-01 09:01:00.000,29.0,4.831666666666666,44.1,19.51863149958231,24.12193124635403,-4.603299746771722
manila,2024-11-01 08:46:00.000,28.0,4.555000000000001,41.9,19.47560072576447,24.342781584609988,-4.867180858845519
manila,2024-11-01 07:46:00.000,21.0,2.415,24.8,18.34630240544037,24.14827535194073,-5.801972946500356
manila,2024-11-01 06:46:30.000,18.0,1.3466666666666667,10.8,17.754705136663084,21.6428999554266,-3.888194818763509
manila,2024-11-01 05:46:30.000,15.0,0.8933333333333333,8.1,17.34476172914406,18.3463852605001,-1.0016235313560389
manila,2024-11-01 05:01:30.001,10.0,0.8883333333333333,8.0,16.705774046515444,16.695691350536915,0.0100826959785287
manila,2024-11-01 04:46:30.000,9.0,1.2366666666666668,8.2,16.60749191944064,16.381843373181876,0.225648546258764
manila,2024-11-01 03:01:30.000,9.0,1.8383333333333334,7.5,17.23730865609252,16.24669927385116,0.9906093822413596
manila,2024-11-01 02:01:30.001,12.0,3.6883333333333335,14.8,17.81182453840643,16.590781045648434,1.221043492757996
manila,2024-11-01 01:01:30.001,23.0,5.468333333333334,26.5,19.636913082053663,16.93238907124922,2.7045240108044446
manila,2024-11-01 00:01:00.000,33.0,8.778333333333334,42.4,21.693798614978505,18.73247837337449,2.9613202416040068
manila,2024-10-31 23:01:30.000,46.0,11.318333333333333,64.2,23.69607909643408,20.553924988535105,3.142154107898971
manila,2024-10-31 22:01:00.000,58.0,12.923333333333334,88.1,25.71573952764989,23.125286371049715,2.590453156600184
manila,2024-10-31 21:01:00.000,65.0,15.891666666666667,121.0,26.857092501475176,25.133907178125728,1.7231853233494476
manila,2024-10-31 20:01:00.000,81.0,24.215,215.4,29.71940613710808,28.40374929525829,1.3156568418497834
manila,2024-10-31 19:00:54.994,110.0,46.96333333333334,400.2,34.70035345631372,33.02172202067942,1.6786314356343013
manila,2024-10-31 18:00:53.806,127.0,75.56833333333334,641.2,37.50090743602816,34.2003646591551,3.300542776873065
manila,2024-10-31 17:46:01.804,126.0,77.91166666666666,626.9,37.150252656004085,33.83527540825676,3.314977247747322
manila,2024-10-31 17:31:07.752,123.0,71.36,589.8,36.603911228140056,33.28456509004921,3.319346138090843
manila,2024-10-31 16:46:04.820,120.0,65.84666666666666,562.9,35.97179926714416,31.217380109629005,4.754419157515159
manila,2024-10-31 15:31:00.000,112.0,59.809999999999995,531.8,34.94547445748403,29.374783861348227,5.570690596135805
manila,2024-10-31 14:46:00.000,106.0,55.016666666666666,483.2,33.910677609817405,28.32409778040229,5.586579829415115
manila,2024-10-31 13:46:00.000,94.0,43.14666666666667,411.4,31.71842473204988,26.857881535538045,4.860543196511834
manila,2024-10-31 13:31:00.000,92.0,42.88166666666667,387.9,31.362276925941305,26.60673493269521,4.755541993246091
manila,2024-10-31 12:46:00.001,88.0,44.98166666666667,391.6,30.564463309853256,26.42853361000265,4.135929699850607
manila,2024-10-31 11:46:00.000,79.0,41.763333333333335,377.0,29.035812489616827,27.45826704522741,1.5775454443894183
manila,2024-10-31 10:46:00.000,77.0,41.693333333333335,380.6,28.64340189298702,27.772990558694147,0.8704113342928714
manila,2024-10-31 10:31:00.000,74.0,38.82166666666667,367.0,28.31940306313731,27.722824719866185,0.5965783432711298
manila,2024-10-31 09:46:00.000,65.0,29.936666666666667,276.6,26.76074739456527,27.65483724825602,-0.8940898536907476
manila,2024-10-31 08:46:00.000,56.0,18.566666666666666,187.6,25.482411365115336,28.597155280215112,-3.114743915099776
manila,2024-10-31 07:46:00.000,53.0,14.405,146.3,24.62396309527638,28.07702606338442,-3.453062968108039
manila,2024-10-31 06:46:30.000,43.0,8.355,83.8,22.34008709699061,23.95702082866189,-1.6169337316712775
manila,2024-10-31 06:31:30.001,39.0,6.3516666666666675,64.7,21.780640845900496,22.889267671883623,-1.1086268259831265
manila,2024-10-31 05:46:30.000,30.0,4.783333333333333,41.5,19.97001610732742,19.237538517053423,0.732477590273998
manila,2024-10-31 04:46:30.000,11.0,0.98,6.6,16.75074443157953,16.191009771066366,0.5597346605131648
manila,2024-10-31 03:01:30.000,10.0,1.15,7.1,17.218858281196255,15.929103962528552,1.2897543186677023
manila,2024-10-31 02:01:30.000,13.0,1.8533333333333333,10.6,17.63189438945719,16.162652349606464,1.4692420398507269
manila,2024-10-31 01:01:30.000,20.0,3.4133333333333336,19.6,19.01772817299493,16.75214636143988,2.265581811555048
manila,2024-10-31 00:01:30.001,40.0,6.9399999999999995,52.1,22.43232311581481,18.22121028267732,4.211112833137491
manila,2024-10-30 23:01:00.000,68.0,18.815,116.3,27.267361512386906,20.37712158819089,6.890239924196013
manila,2024-10-30 22:01:00.000,84.0,24.801666666666666,176.7,30.02057657064647,22.964406884134224,7.056169686512245
manila,2024-10-30 21:01:00.000,107.0,35.16,251.8,33.79259920769998,24.9527502446843,8.83984896301568
manila,2024-10-30 20:01:07.237,134.0,52.70666666666667,438.2,38.91237551405813,28.465677647290185,10.44669786676794
manila,2024-10-30 19:00:37.398,173.0,97.63833333333334,737.1,45.34972789254101,32.440185893799665,12.909541998741346
manila,2024-10-30 18:45:30.088,175.0,107.20833333333333,820.2,45.93734285150043,33.19837100504566,12.738971846454774
manila,2024-10-30 18:16:00.622,172.0,114.00500000000001,871.5,45.31645929564395,33.362696615903594,11.953762679740358
manila,2024-10-30 17:45:32.191,165.0,114.70333333333333,871.3,44.18466318014176,32.988949570689755,11.195713609452008
manila,2024-10-30 16:45:49.055,142.0,89.10833333333333,753.0,40.18360067280323,31.00907630438516,9.17452436841807
manila,2024-10-30 15:46:00.219,120.0,73.71333333333334,614.3,36.5957346706496,29.667257198908253,6.9284774717413455
manila,2024-10-30 14:46:00.000,107.0,63.12,525.6,34.18642640672042,28.49076796439113,5.6956584423292895
manila,2024-10-30 13:46:02.380,95.0,53.559999999999995,446.2,32.146805264419086,27.108498012226924,5.038307252192162
manila,2024-10-30 12:01:00.000,94.0,56.18333333333333,466.9,31.782620281811912,27.37544088383985,4.407179397972062
manila,2024-10-30 11:31:00.181,93.0,50.83166666666667,448.1,31.540336324817563,27.82612545970238,3.714210865115184
manila,2024-10-30 10:46:00.000,89.0,48.25,452.3,31.01381581895057,28.19333165671721,2.820484162233363
manila,2024-10-30 09:01:00.000,79.0,26.465,275.8,29.38668058641353,29.21160682163196,0.175073764781569
manila,2024-10-30 08:16:00.000,80.0,26.671666666666667,262.1,29.578711660665448,29.75141174557041,-0.1727000849049638
manila,2024-10-30 07:46:00.001,76.0,25.325,250.4,28.87560196098412,28.94562440930444,-0.0700224483203122
manila,2024-10-30 06:46:30.047,58.0,17.793333333333333,165.6,25.248522433741385,24.637281463396768,0.6112409703446176
manila,2024-10-30 05:46:30.000,36.0,6.158333333333333,50.1,21.11954880337896,19.713141635383,1.406407167995965
manila,2024-10-30 05:01:30.000,15.0,2.15,13.1,17.559609437902065,16.987225465163192,0.5723839727388729
manila,2024-10-30 04:46:30.000,12.0,1.2683333333333333,10.5,16.958259133632517,16.43684709957393,0.521412034058585
manila,2024-10-30 03:46:30.000,7.0,0.5399999999999999,5.8,16.44561821612598,15.807675715444145,0.6379425006818362
manila,2024-10-30 02:01:30.000,9.0,1.8516666666666666,14.1,17.46046787709648,16.458030449098995,1.002437427997485
manila,2024-10-30 01:01:30.000,15.0,2.635,12.6,18.4034123690149,16.884029496475748,1.519382872539154
manila,2024-10-30 00:01:30.000,25.0,3.853333333333333,23.4,20.14926389066204,18.21111182435309,1.938152066308952
manila,2024-10-29 23:01:30.000,44.0,9.208333333333334,52.4,23.71443505416117,20.492311892671708,3.222123161489467
manila,2024-10-29 22:01:30.001,60.0,12.283333333333333,86.3,26.45008241200207,23.0743298926336,3.375752519368476
manila,2024-10-29 21:01:00.001,77.0,20.296666666666667,164.5,29.3500633089258,25.4862550015715,3.863808307354297
manila,2024-10-29 20:01:00.001,100.0,30.951666666666664,267.2,33.31489318706812,28.99450457825489,4.320388608813232
manila,2024-10-29 19:00:36.769,138.0,65.60666666666667,532.8,39.73708979275976,33.452313766453045,6.284776026306716
manila,2024-10-29 18:15:59.605,145.0,87.65666666666667,727.6,40.97892125800541,34.190576960688844,6.78834429731657
manila,2024-10-29 17:45:56.025,136.0,89.19833333333332,749.2,39.37791776501943,33.48252264861304,5.895395116406391
manila,2024-10-29 16:46:12.729,114.0,62.86833333333333,554.4,35.74437520648483,31.27502974213523,4.469345464349601
manila,2024-10-29 15:46:00.000,101.0,55.29333333333333,480.1,33.44347692439383,29.37059463682463,4.072882287569197
manila,2024-10-29 15:31:00.061,99.0,54.85,474.7,32.978637967696045,28.9687366934203,4.0099012742757445
manila,2024-10-29 14:46:00.001,95.0,54.18666666666666,461.4,32.1332731300459,27.97239245551911,4.160880674526791
manila,2024-10-29 13:46:00.000,86.0,45.99166666666667,411.8,30.76128144090548,26.857744847903675,3.903536593001803
manila,2024-10-29 12:01:00.000,87.0,48.626666666666665,417.7,30.9427625106388,27.47997323714842,3.4627892734903725
manila,2024-10-29 11:16:00.001,91.0,46.57333333333334,423.6,31.320232199978804,28.15919919712271,3.161033002856094
manila,2024-10-29 10:46:00.000,90.0,47.34166666666667,449.1,31.187727524390137,28.343070371136733,2.8446571532534044
manila,2024-10-29 09:01:00.000,87.0,31.816666666666666,306.6,30.88159953431798,29.755126744082343,1.1264727902356384
manila,2024-10-29 08:01:00.000,89.0,33.60166666666667,310.0,31.36142970432931,30.011402647781203,1.3500270565481074
manila,2024-10-29 07:46:00.000,87.0,34.065000000000005,307.0,30.828286129755327,29.488042115479104,1.340244014276223
manila,2024-10-29 06:46:30.000,64.0,24.01833333333333,213.8,26.501659068770827,25.13389436161758,1.367764707153249
manila,2024-10-29 05:46:30.000,38.0,7.3133333333333335,66.5,21.66066455571432,20.084318741213657,1.5763458145006588
manila,2024-10-29 05:01:30.000,15.0,1.4733333333333334,11.5,17.604847817801144,17.073223748519936,0.5316240692812073
manila,2024-10-29 04:46:30.000,11.0,0.8216666666666667,6.1,17.104172702137895,16.586311555867,0.5178611462708957
manila,2024-10-29 03:31:30.000,7.0,0.9616666666666667,6.1,16.429009366012448,15.60144373724646,0.8275656287659867
manila,2024-10-29 02:01:30.001,9.0,1.3616666666666668,7.8,17.173972245667432,16.11876591569844,1.0552063299689929
manila,2024-10-29 01:01:30.000,13.0,2.4316666666666666,14.4,18.10461776147104,16.611754208338397,1.4928635531326435
manila,2024-10-29 00:01:30.000,20.0,3.658333333333333,18.5,19.414700381860047,17.838091903318954,1.5766084785410932
manila,2024-10-28 23:01:00.000,34.0,5.631666666666666,34.1,21.9140789899416,19.63735469139533,2.27672429854627
manila,2024-10-28 22:01:00.000,47.0,6.876666666666667,55.3,24.469216939279125,22.121523684130096,2.3476932551490286
manila,2024-10-28 21:01:00.000,65.0,12.338333333333333,105.6,27.22680844947612,24.03263461721016,3.1941738322659603
manila,2024-10-28 20:01:01.611,91.0,25.826666666666664,231.2,31.93778633463694,27.301572896303025,4.636213438333915
manila,2024-10-28 19:00:43.217,127.0,58.65833333333333,486.4,38.19632108448465,31.2441664873858,6.952154597098858
manila,2024-10-28 18:30:41.758,133.0,76.825,638.3,39.11106014616391,31.83190086966469,7.279159276499218
manila,2024-10-28 17:45:55.065,122.0,79.58,682.2,37.15669487014627,31.30425066894316,5.852444201203106
manila,2024-10-28 16:46:05.799,101.0,54.07333333333334,493.1,33.39121108945981,29.271659210415987,4.119551879043822
manila,2024-10-28 15:46:00.000,89.0,48.016666666666666,421.8,31.5939449603984,27.821820475581344,3.772124484817052
manila,2024-10-28 15:01:00.303,86.0,48.388333333333335,411.6,30.83163371233157,26.860490259129204,3.971143453202366
manila,2024-10-28 14:46:00.000,84.0,45.805,399.7,30.53658294209987,26.59051542212661,3.946067519973255
manila,2024-10-28 13:01:00.000,72.0,32.61,280.2,28.284826346082205,24.694325102826248,3.5905012432559573
manila,2024-10-28 12:01:00.001,80.0,44.24166666666667,370.8,29.529282740986208,25.2376449074928,4.291637833493411
manila,2024-10-28 11:01:00.000,83.0,38.068333333333335,354.0,30.04279241166411,25.83253219291612,4.21026021874799
manila,2024-10-28 10:46:00.001,82.0,40.961666666666666,374.4,29.844975412936165,25.74030922134101,4.10466619159515
manila,2024-10-28 09:01:00.000,86.0,31.525,273.8,30.456959639185342,27.35060476584468,3.106354873340667
manila,2024-10-28 08:01:00.000,92.0,34.038333333333334,302.8,31.632426506049548,28.80969785045005,2.822728655599498
manila,2024-10-28 07:46:00.000,90.0,34.285,300.9,31.28847456676164,28.655942873780305,2.6325316929813347
manila,2024-10-28 06:46:30.000,71.0,26.39333333333333,226.8,27.50549089991445,25.29003480015474,2.215456099759713
manila,2024-10-28 05:46:30.000,43.0,9.553333333333335,98.6,21.976135126645943,20.18871652301052,1.7874186036354267
manila,2024-10-28 04:46:30.001,11.0,0.8383333333333333,8.4,16.814779085999824,16.443627553492927,0.3711515325068966
manila,2024-10-28 03:01:30.001,3.0,0.3016666666666667,2.2,16.319298933148215,15.791698871527291,0.5276000616209231
manila,2024-10-28 02:01:30.000,6.0,0.3766666666666667,2.0,16.793109136382945,16.075077048583207,0.7180320877997382
manila,2024-10-28 01:01:30.000,10.0,0.6233333333333333,4.0,17.460104109237456,16.404399190656328,1.055704918581128
manila,2024-10-28 00:01:30.000,20.0,1.745,10.9,19.159070600910628,17.824275367106505,1.3347952338041225
manila,2024-10-27 23:01:00.000,34.0,2.865,21.0,21.455463051767808,19.869006252316204,1.5864567994516037
manila,2024-10-27 22:01:00.000,45.0,5.3149999999999995,47.7,23.45340471241515,22.15359933598998,1.2998053764251694
manila,2024-10-27 21:01:00.001,48.0,7.191666666666666,59.8,23.89003005375825,22.833060865657536,1.0569691881007124
manila,2024-10-27 20:01:00.322,56.0,11.514999999999999,102.0,25.37345927533751,23.98361791593576,1.389841359401757
manila,2024-10-27 19:01:00.001,72.0,22.91,216.4,28.131520941533697,25.387667711454107,2.7438532300795906
manila,2024-10-27 18:15:47.376,79.0,35.085,314.6,29.159116262087416,25.697456316262468,3.461659945824948
manila,2024-10-27 17:46:04.893,73.0,35.665,315.8,28.18895919278308,25.469066104373628,2.719893088409446
manila,2024-10-27 16:31:00.000,70.0,25.328333333333333,227.0,27.68437908988359,25.04325131432265,2.6411277755609426
manila,2024-10-27 15:46:00.000,66.0,23.084999999999997,201.0,27.02427254479098,24.60435649579584,2.419916048995137
manila,2024-10-27 14:46:00.776,58.0,18.203333333333333,147.9,25.653361367719366,23.620187266851502,2.033174100867864
manila,2024-10-27 13:46:00.135,49.0,13.278333333333334,108.4,24.13962061792981,22.664687393889903,1.474933224039905
manila,2024-10-27 12:01:00.000,47.0,12.246666666666666,111.7,23.86886632524136,22.28961063271282,1.5792556925285377
manila,2024-10-27 11:46:00.001,47.0,14.895000000000001,121.6,23.68398157620192,22.14377805067398,1.5402035255279358
manila,2024-10-27 10:46:00.000,43.0,14.863333333333333,123.2,22.89342310493192,21.51993608320053,1.3734870217313857
manila,2024-10-27 09:46:00.000,36.0,12.611666666666668,109.7,21.556127328592524,20.41740536551839,1.1387219630741328
manila,2024-10-27 08:46:00.001,26.0,5.85,53.2,19.89396406768761,19.10674951939138,0.7872145482962338
manila,2024-10-27 07:46:00.000,18.0,2.725,26.0,18.48607411960429,17.963325636598114,0.5227484830061755
manila,2024-10-27 06:46:30.000,13.0,1.01,8.1,17.441738193962436,17.064336638112778,0.3774015558496586
manila,2024-10-27 05:46:30.000,12.0,0.7200000000000001,5.0,17.421018193862803,16.72354077526178,0.6974774186010215
manila,2024-10-27 04:01:30.000,7.0,0.7433333333333334,5.2,16.88489478213939,16.15526357881492,0.7296312033244696
manila,2024-10-27 03:01:30.001,9.0,1.2783333333333333,7.7,17.605798030308314,16.595432230301096,1.010365800007218
manila,2024-10-27 02:01:30.000,14.0,1.5383333333333333,10.6,18.479594169081786,17.25347140111744,1.2261227679643412
manila,2024-10-27 01:01:30.000,19.0,2.605,11.2,19.37058153452061,17.89229228382424,1.4782892506963703
manila,2024-10-27 00:01:00.000,31.0,4.576666666666667,25.8,21.477003956580152,19.802763592656834,1.6742403639233174
manila,2024-10-26 23:01:00.000,49.0,8.598333333333333,64.6,24.394451305519603,22.16794995455633,2.226501350963272
manila,2024-10-26 22:31:00.000,54.0,11.229999999999999,85.4,25.213908384737984,23.318402762987457,1.8955056217505264
manila,2024-10-26 21:01:01.202,54.0,9.753333333333334,90.0,25.30531985156507,24.425732212502574,0.8795876390624962
manila,2024-10-26 20:01:00.000,70.0,19.279999999999998,184.1,27.928577588616005,26.33535301131908,1.593224577296926
manila,2024-10-26 19:01:06.039,95.0,44.12166666666667,377.1,32.228209886502086,29.51501245950736,2.713197426994725
manila,2024-10-26 18:00:56.706,106.0,64.76,549.5,34.14974170538608,31.26400806455433,2.885733640831745
manila,2024-10-26 17:45:52.147,105.0,66.94,573.1,33.890788389056624,31.365241698846027,2.5255466902105965
manila,2024-10-26 16:46:23.094,102.0,55.61,477.4,33.222691928881986,31.021742520081872,2.2009494088001134
manila,2024-10-26 15:45:57.630,100.0,56.144999999999996,492.6,32.9115039943561,30.10688849605289,2.804615498303214
manila,2024-10-26 14:46:15.523,97.0,54.09,447.7,32.4611586062844,29.010845539461545,3.450313066822858
manila,2024-10-26 13:46:08.047,91.0,47.33833333333334,414.1,31.40485227233908,27.75504362831992,3.649808644019157
manila,2024-10-26 12:01:10.787,85.0,39.11333333333334,381.1,30.01534412309308,27.122590641324194,2.8927534817688816
manila,2024-10-26 11:46:07.991,84.0,41.098333333333336,384.8,29.876059004221915,27.20640658714499,2.669652417076925
manila,2024-10-26 11:31:00.001,80.0,38.79666666666667,359.6,29.21824671703876,27.042514084232444,2.175732632806316
manila,2024-10-26 10:46:04.222,75.0,39.03333333333333,362.5,28.32145637912841,26.349688551475783,1.971767827652624
manila,2024-10-26 09:46:00.000,58.0,23.136666666666667,230.6,25.377793420941263,24.1280843144368,1.2497091065044683
manila,2024-10-26 08:46:00.001,43.0,11.675,119.1,22.737285253889578,22.0416980245706,0.6955872293189849
manila,2024-10-26 07:46:30.000,34.0,6.266666666666667,60.0,21.08317969724045,20.30560123907091,0.7775784581695397
manila,2024-10-26 07:31:30.000,31.0,5.08,46.6,20.45340889369022,19.83032981023868,0.6230790834515432
manila,2024-10-26 06:46:30.000,23.0,2.005,17.1,19.01586373453737,18.63257039086037,0.3832933436770034
manila,2024-10-26 05:46:30.000,17.0,1.4683333333333333,11.3,18.0644010525942,17.542533362885525,0.5218676897086745
manila,2024-10-26 04:46:30.000,8.0,0.6833333333333333,3.5,16.91358837150255,16.76527961622554,0.1483087552770072
manila,2024-10-26 03:01:30.000,6.0,0.8066666666666666,4.8,17.03832372398867,16.80896909414401,0.2293546298446571
manila,2024-10-26 02:01:30.000,9.0,0.8183333333333334,9.4,17.604796732022216,17.39265312538351,0.2121436066387048
manila,2024-10-26 01:01:30.000,13.0,1.1516666666666666,9.1,18.40887488573141,18.18998221799081,0.218892667740608
manila,2024-10-26 00:01:00.000,22.0,3.025,16.5,20.14809104175828,20.610701999612168,-0.4626109578538866
manila,2024-10-25 23:01:00.000,34.0,4.216666666666667,31.1,22.165290481842703,23.38192638689414,-1.2166359050514366
manila,2024-10-25 22:01:00.000,38.0,3.356666666666667,31.0,22.999055990413414,26.224147482173883,-3.2250914917604696
manila,2024-10-25 21:01:00.265,41.0,3.93,34.0,23.37759656584141,27.604292637356483,-4.226696071515068
manila,2024-10-25 20:01:08.157,54.0,8.218333333333334,76.4,25.62846479829598,30.72342695718472,-5.0949621588887375
manila,2024-10-25 19:00:59.988,79.0,23.92,239.1,29.738828969137245,35.535475861697,-5.796646892559757
manila,2024-10-25 18:30:55.149,85.0,34.711666666666666,332.4,30.81657772188104,36.76019956789924,-5.943621846018196
manila,2024-10-25 17:45:23.047,78.0,38.80333333333333,402.6,29.58593760536109,36.466643134940256,-6.880705529579167
manila,2024-10-25 16:46:15.849,63.0,22.563333333333333,242.1,26.87341693231119,34.49783128295793,-7.624414350646742
manila,2024-10-25 15:46:03.664,61.0,20.736666666666668,206.8,26.517358182112805,32.4963998064074,-5.979041624294592
manila,2024-10-25 15:01:00.000,59.0,18.77,174.9,26.272027662026844,31.47497747495606,-5.202949812929216
manila,2024-10-25 14:46:00.000,58.0,18.503333333333334,185.5,26.091884087859142,30.836743762379907,-4.744859674520761
manila,2024-10-25 13:46:00.000,48.0,13.316666666666666,121.5,24.174307112534947,28.593132889428784,-4.418825776893836
manila,2024-10-25 12:01:00.000,45.0,10.103333333333333,90.3,23.60933764728517,28.245149616936104,-4.635811969650938
manila,2024-10-25 11:01:00.001,48.0,12.191666666666666,123.7,23.94820005843746,27.82973302456318,-3.881532966125718
manila,2024-10-25 10:46:00.001,49.0,11.873333333333333,135.3,24.00774126527782,27.54175873366943,-3.5340174683916104
manila,2024-10-25 09:46:00.000,45.0,7.788333333333333,95.7,23.62117941896083,26.4756691480777,-2.854489729116871
manila,2024-10-25 08:46:00.000,38.0,5.628333333333333,62.9,22.44492063776652,26.622998218868688,-4.1780775811021655
manila,2024-10-25 07:46:00.000,32.0,4.055000000000001,45.9,21.290052405878484,26.54052694111516,-5.250474535236677
manila,2024-10-25 07:16:00.000,27.0,2.5349999999999997,28.6,20.24578803415968,25.27212447510608,-5.026336440946402
manila,2024-10-25 06:46:30.000,24.0,1.7683333333333333,17.4,19.47364691670001,23.413216588436427,-3.939569671736415
manila,2024-10-25 05:46:30.000,18.0,1.5066666666666668,13.5,18.15676905603608,19.195326257620827,-1.0385572015847515
manila,2024-10-25 04:46:30.000,11.0,1.0316666666666667,11.0,17.09912761726872,16.6979705791208,0.4011570381479217
manila,2024-10-25 03:46:30.001,6.0,1.3266666666666667,12.2,16.386681970816966,15.880698969376253,0.505983001440713
manila,2024-10-25 03:16:30.000,5.0,0.6966666666666667,4.8,16.598718579746848,16.15073703590498,0.4479815438418661
manila,2024-10-25 02:01:30.000,8.0,1.4466666666666665,11.2,17.2652088830417,16.666185319699654,0.5990235633420475
manila,2024-10-25 01:01:30.001,12.0,0.99,9.5,17.919919499352414,17.10053985923667,0.8193796401157449
manila,2024-10-25 00:01:30.001,21.0,2.5616666666666665,28.4,19.41613214002981,18.37584181941675,1.0402903206130605
manila,2024-10-24 23:01:00.000,33.0,5.441666666666666,62.0,21.63239020520813,20.81331955761145,0.8190706475966749
manila,2024-10-24 22:01:00.001,47.0,9.004999999999999,112.1,24.071456618089258,23.67173278264866,0.3997238354405965
manila,2024-10-24 21:01:00.001,52.0,9.598333333333333,132.3,25.171586762539743,26.13773606806148,-0.966149305521732
manila,2024-10-24 20:01:00.000,53.0,5.928333333333333,78.2,25.20738322475928,29.42317693070969,-4.215793705950414
manila,2024-10-24 19:00:42.023,71.0,12.348333333333333,140.0,28.64116359327994,34.91988970168693,-6.278726108406985
manila,2024-10-24 18:00:43.012,88.0,25.733333333333334,263.9,31.326459487882808,35.76068910110998,-4.434229613227174
manila,2024-10-24 17:30:40.807,90.0,31.211666666666666,336.1,31.55667669754503,34.477099753791755,-2.920423056246726
manila,2024-10-24 16:46:00.001,87.0,30.136666666666667,285.5,30.93107225771066,32.382956195787905,-1.4518839380772448
manila,2024-10-24 15:46:00.000,76.0,24.226666666666667,264.3,28.930578072861618,30.02931834787306,-1.0987402750114406
manila,2024-10-24 14:46:00.000,65.0,17.658333333333335,214.9,27.372837838361164,29.151936086227806,-1.7790982478666422
manila,2024-10-24 14:31:00.000,63.0,16.616666666666667,201.5,26.855105443865344,28.760346049466904,-1.9052406056015592
manila,2024-10-24 13:46:00.001,57.0,12.961666666666668,133.3,25.9434269800546,27.598660902051428,-1.6552339219968353
manila,2024-10-24 12:01:00.000,56.0,13.068333333333333,142.9,25.58605773206284,27.97585054803022,-2.389792815967379
manila,2024-10-24 11:01:00.000,60.0,19.285,194.5,26.24711017088666,28.607554117717925,-2.360443946831264
manila,2024-10-24 10:46:00.000,58.0,19.31,206.2,26.027207982932104,28.666981031767875,-2.639773048835771
manila,2024-10-24 10:01:00.000,46.0,10.801666666666668,124.6,23.960434564159343,28.284424105272706,-4.323989541113363
manila,2024-10-24 09:46:00.001,43.0,9.29,102.1,23.50266953416704,28.428470901389325,-4.925801367222288
manila,2024-10-24 08:01:05.273,42.0,6.495,67.4,23.406423840050245,30.09819748981408,-6.691773649763828
manila,2024-10-24 07:46:00.001,40.0,6.2683333333333335,65.6,23.044875672455944,29.51567600068716,-6.470800328231213
manila,2024-10-24 06:46:30.001,30.0,3.2083333333333335,30.0,20.6924670705312,25.06611926909933,-4.373652198568134
manila,2024-10-24 06:01:30.000,24.0,2.125,14.8,19.522052293468445,21.03353522441936,-1.511482930950912
manila,2024-10-24 05:46:30.001,22.0,2.115,14.3,19.0609402996146,19.781797477036783,-0.7208571774221859
manila,2024-10-24 04:46:30.000,11.0,1.2966666666666666,11.0,17.260810401032202,16.898111579514605,0.362698821517597
manila,2024-10-24 03:16:30.001,13.0,2.3383333333333334,22.9,17.73373525613968,16.01250859136074,1.7212266647789427
manila,2024-10-24 02:01:30.000,15.0,2.7916666666666665,30.9,18.54813903994148,16.774647572581152,1.77349146736033
manila,2024-10-24 01:01:30.000,17.0,2.1550000000000002,41.7,18.86872069155946,17.190111506411153,1.6786091851483071
manila,2024-10-24 00:46:30.000,15.0,1.8333333333333333,34.9,18.53202268801212,17.28372267553065,1.2483000124814616
manila,2024-10-23 23:01:30.000,22.0,1.1783333333333335,9.0,20.035734621623213,20.963423557576924,-0.9276889359537108
manila,2024-10-23 22:01:00.000,32.0,1.8599999999999999,15.5,21.664015289916648,23.71973580515926,-2.055720515242612
manila,2024-10-23 21:01:00.000,39.0,2.7583333333333333,25.7,22.976207679754246,26.123619569829707,-3.1474118900754604
manila,2024-10-23 20:01:00.000,50.0,4.131666666666667,45.3,25.100224772542163,29.702911221816738,-4.602686449274575
manila,2024-10-23 19:01:16.542,77.0,16.021666666666665,171.8,29.6230532229651,34.57278625109785,-4.949733028132751
manila,2024-10-23 18:00:45.544,83.0,28.648333333333333,301.8,30.389545954916898,35.16585645011298,-4.7763104951960855
manila,2024-10-23 17:46:04.045,79.0,30.118333333333332,317.2,29.700503662104097,34.79715921368613,-5.096655551582032
manila,2024-10-23 17:30:59.917,70.0,26.386666666666667,303.5,28.246234410994603,34.16642031103456,-5.920185900039954
manila,2024-10-23 16:46:30.001,60.0,15.5,170.4,26.56851608298972,32.50411090401839,-5.935594821028673
manila,2024-10-23 15:46:01.863,55.0,12.928333333333335,129.5,25.60752038803125,30.29908091552932,-4.691560527498066
manila,2024-10-23 14:31:00.000,55.0,13.601666666666667,137.0,25.50992811906596,28.68330650288387,-3.1733783838179086
manila,2024-10-23 13:31:00.000,53.0,10.281666666666666,106.5,25.05647705080139,27.19740618410932,-2.140929133307928
manila,2024-10-23 12:01:00.000,58.0,13.298333333333334,129.4,25.65347337275299,27.52977112825072,-1.876297755497728
manila,2024-10-23 11:01:00.000,64.0,19.433333333333334,221.1,26.75119095756142,28.28439875134199,-1.5332077937805693
manila,2024-10-23 10:01:00.000,67.0,18.625,199.0,27.28785752001536,28.471516750625312,-1.1836592306099585
manila,2024-10-23 09:01:00.000,69.0,16.945,172.1,27.65093061120355,29.43535565876172,-1.7844250475581696
manila,2024-10-23 08:46:03.040,69.0,16.256666666666668,161.8,27.707645607545984,29.831610138037952,-2.123964530491968
manila,2024-10-23 07:46:00.000,61.0,12.51,133.9,26.274573888386573,29.357337805030795,-3.082763916644222
manila,2024-10-23 06:46:30.000,46.0,6.4383333333333335,61.4,23.06624048212635,24.696301096037992,-1.6300606139116418
manila,2024-10-23 05:46:30.001,32.0,3.4183333333333334,23.8,20.505234631877386,19.80187984284926,0.7033547890281255
manila,2024-10-23 05:16:30.000,22.0,2.1283333333333334,15.7,18.88469036160461,17.95267147262386,0.9320188889807496
manila,2024-10-23 04:46:30.000,15.0,0.995,7.6,17.732182063439016,16.81621387942068,0.915968184018336
manila,2024-10-23 03:01:30.001,11.0,1.255,7.3,17.514008986381903,16.046605409209203,1.4674035771727
manila,2024-10-23 02:01:30.000,14.0,2.0533333333333332,14.9,18.30681714311083,16.530890689868766,1.7759264532420644
manila,2024-10-23 01:01:30.001,20.0,2.725,20.3,19.33920998898432,16.967756147116365,2.371453841867954
manila,2024-10-23 00:01:30.000,27.0,2.9516666666666667,19.2,20.628972976969298,18.296840401160324,2.332132575808973
manila,2024-10-22 23:01:00.000,45.0,4.8516666666666675,32.4,23.55106525438764,20.31059847652857,3.2404667778590657
manila,2024-10-22 22:01:30.000,61.0,9.066666666666666,75.1,26.48232691235644,23.178919399892,3.303407512464446
manila,2024-10-22 21:01:00.000,76.0,16.276666666666667,134.6,29.08850242199826,25.58335885756248,3.505143564435788
manila,2024-10-22 20:01:00.000,100.0,25.548333333333336,222.0,33.29153101502159,29.21714055015409,4.0743904648674985
manila,2024-10-22 19:01:15.587,133.0,53.175,434.2,39.254865458909535,33.62136332058497,5.633502138324566
manila,2024-10-22 18:15:30.205,140.0,70.03666666666666,582.2,40.70645569694396,34.743145173286024,5.963310523657931
manila,2024-10-22 17:45:30.416,136.0,78.45333333333333,651.7,39.63004038065704,33.590551227703045,6.039489152953998
manila,2024-10-22 17:01:00.050,118.0,60.96,581.3,36.40599238660632,31.812811483818976,4.5931809027873385
manila,2024-10-22 16:46:00.001,116.0,59.443333333333335,558.1,36.08206763741282,31.17583879163754,4.906228845775281
manila,2024-10-22 15:46:00.000,99.0,52.20666666666667,476.4,33.254094240824344,29.52141944221425,3.7326747986100974
manila,2024-10-22 14:46:00.000,99.0,55.63333333333333,498.0,33.23935457281004,28.42790284845848,4.811451724351571
manila,2024-10-22 13:46:00.000,91.0,60.13,492.0,32.189150155808484,27.25332012010892,4.935830035699571
manila,2024-10-22 13:01:01.810,83.0,44.940000000000005,385.2,30.597683310460035,26.89561884241915,3.702064468040884
manila,2024-10-22 12:01:00.001,85.0,43.27333333333333,377.8,30.789010068692946,27.74156955959382,3.047440509099125
manila,2024-10-22 11:01:00.000,89.0,44.766666666666666,415.1,31.192159404623897,28.45531442994269,2.736844974681208
manila,2024-10-22 10:46:00.000,89.0,45.40833333333333,404.1,31.09106637357936,28.46586628172592,2.6252000918534364
manila,2024-10-22 09:01:00.000,97.0,36.82166666666667,331.5,32.68032218251171,29.7835430667428,2.896779115768912
manila,2024-10-22 08:01:01.309,107.0,46.21,395.9,34.81755214861578,30.09662542446234,4.720926724153443
manila,2024-10-22 07:46:00.001,103.0,48.218333333333334,397.8,34.19439726735144,29.662258995770685,4.532138271580756
manila,2024-10-22 06:46:30.033,78.0,35.730000000000004,291.3,29.43605547421349,25.460028878809617,3.976026595403869
manila,2024-10-22 05:46:30.000,42.0,10.08,78.4,22.35581750096509,20.00490767635825,2.350909824606841
manila,2024-10-22 04:46:30.000,13.0,1.2416666666666667,10.6,17.222151018051154,16.459041651020467,0.7631093670306868
manila,2024-10-22 03:46:30.001,7.0,1.0783333333333334,13.7,16.438174335656367,15.601127791923815,0.8370465437325496
manila,2024-10-22 02:01:30.000,6.0,0.8383333333333333,9.4,16.619883106666393,15.975719485996615,0.6441636206697776
manila,2024-10-22 01:01:30.000,9.0,1.26,11.6,17.45964733979862,16.645488697412524,0.8141586423860971
manila,2024-10-22 00:01:30.000,15.0,1.3333333333333333,9.4,18.533420784045248,17.817288271457734,0.7161325125875138
manila,2024-10-21 23:01:00.000,26.0,1.5933333333333333,13.9,20.32956541432447,19.41915871455772,0.910406699766753
manila,2024-10-21 22:01:30.000,37.0,2.6366666666666663,25.5,22.57853127226663,21.9316583719549,0.6468729003117311
manila,2024-10-21 21:01:00.000,51.0,5.3100000000000005,50.8,24.87928506308847,24.05175170975717,0.827533353331301
manila,2024-10-21 20:01:00.872,74.0,16.043333333333333,153.1,28.970992417054248,27.277359643782106,1.693632773272146
manila,2024-10-21 19:00:51.740,110.0,43.16833333333333,399.9,35.17009456083398,31.276291079461927,3.8938034813720535
manila,2024-10-21 18:30:38.809,119.0,62.15,540.0,36.75973397843848,32.101027670976066,4.658706307462417
manila,2024-10-21 17:45:39.640,110.0,65.22333333333333,596.0,35.35135406424976,31.716472175963425,3.634881888286337
manila,2024-10-21 17:01:00.641,93.0,45.940000000000005,428.8,32.153942747692106,29.88694925185308,2.2669934958390243
manila,2024-10-21 16:46:00.000,92.0,47.24333333333333,448.3,32.05542165686254,29.522281006943903,2.533140649918636
manila,2024-10-21 15:46:00.000,83.0,41.175,377.7,30.55326898418516,27.841150453460223,2.7121185307249327
manila,2024-10-21 14:46:00.000,75.0,38.40833333333333,349.5,29.07773281771397,26.556248910849124,2.521483906864848
manila,2024-10-21 13:01:00.001,66.0,26.048333333333336,238.0,27.41888662805917,24.90576241627593,2.513124211783232
manila,2024-10-21 12:01:00.000,76.0,39.666666666666664,346.1,29.177176393613543,25.580667159024244,3.596509234589302
manila,2024-10-21 11:01:00.001,79.0,36.736666666666665,330.9,29.442222395514253,25.885268048424635,3.5569543470896186
manila,2024-10-21 10:46:00.000,79.0,35.55833333333333,332.7,29.40534084619572,25.838062601423303,3.5672782447724103
manila,2024-10-21 09:01:00.001,94.0,30.923333333333336,294.6,32.04286791618096,27.456584727653663,4.586283188527297
manila,2024-10-21 08:01:03.345,113.0,49.375,419.3,35.64058800866848,28.99030228521097,6.650285723457511
manila,2024-10-21 07:46:02.241,111.0,53.019999999999996,441.4,35.36477367798269,28.859533609267608,6.505240068715082
manila,2024-10-21 07:01:00.000,96.0,48.66,403.3,32.31678797555932,26.554546900951927,5.762241074607395
manila,2024-10-21 06:46:30.000,87.0,41.71,357.7,30.51138341469148,25.36916918908751,5.142214225603961
manila,2024-10-21 05:46:30.000,51.0,12.926666666666668,115.6,23.184031043495835,20.08148901861268,3.102542024883153
manila,2024-10-21 04:46:30.000,16.0,1.96,12.1,17.255215966070413,16.214679199033597,1.0405367670368155
manila,2024-10-21 03:01:30.000,7.0,0.38666666666666666,3.6,16.53228961806399,15.464968969843886,1.0673206482201056
manila,2024-10-21 02:01:30.001,10.0,0.2983333333333333,2.3,17.277065358737687,15.848571831316974,1.428493527420713
manila,2024-10-21 01:01:30.000,15.0,0.5733333333333334,4.2,18.12841085296459,16.35663327651987,1.7717775764447197
manila,2024-10-21 00:01:30.001,27.0,1.0450000000000002,10.2,20.09119388040513,17.704518465965165,2.386675414439967
manila,2024-10-20 23:01:00.001,46.0,4.1866666666666665,40.1,23.167675144522526,19.662345123801533,3.5053300207209936
manila,2024-10-20 22:01:00.001,53.0,6.2266666666666675,85.3,24.411434362277976,21.8891076309754,2.522326731302581
manila,2024-10-20 21:46:00.083,50.0,7.406666666666666,70.5,24.03239773290296,22.1595981618888,1.872799571014152
manila,2024-10-20 21:01:00.000,49.0,6.873333333333333,64.4,23.891675837693043,22.62354988076615,1.2681259569268946
manila,2024-10-20 20:01:00.000,57.0,10.921666666666665,112.8,25.11366589025515,23.604245305537034,1.5094205847181144
manila,2024-10-20 19:01:00.001,74.0,21.425,212.5,28.093810098121903,24.95604903729852,3.13776106082339
manila,2024-10-20 18:31:12.657,82.0,29.791666666666668,292.9,29.533761343396755,25.42558783194272,4.108173511454037
manila,2024-10-20 18:15:59.549,81.0,32.71,321.8,29.46540451335766,25.48537421923782,3.9800302941198415
manila,2024-10-20 17:46:06.828,74.0,32.166666666666664,292.4,28.21631717175196,25.361479797716985,2.854837374034968
manila,2024-10-20 16:46:00.085,66.0,23.328333333333333,211.0,26.92463753886717,24.98612110196021,1.938516436906955
manila,2024-10-20 15:46:00.000,62.0,21.71833333333333,183.2,26.30524601776137,24.43567316683973,1.8695728509216352
manila,2024-10-20 15:01:01.427,59.0,17.171666666666667,147.7,25.73050848885833,23.81131829407839,1.91919019477994
manila,2024-10-20 14:46:00.000,57.0,18.186666666666667,154.1,25.448457055951,23.55641335482419,1.8920437011268056
manila,2024-10-20 13:46:00.000,50.0,13.053333333333335,112.7,24.278661220606228,22.511680445147576,1.7669807754586522
manila,2024-10-20 12:46:00.000,49.0,10.138333333333332,96.4,24.164171140735288,22.362333878072207,1.8018372626630808
manila,2024-10-20 12:01:00.000,48.0,10.423333333333334,102.1,23.93823946029658,22.251963680976385,1.6862757793201943
manila,2024-10-20 11:46:00.000,46.0,11.173333333333334,102.1,23.61914386246733,22.150393319145497,1.4687505433218355
manila,2024-10-20 10:46:00.000,43.0,10.543333333333333,101.1,22.87852498501142,21.52862369307724,1.3499012919341844
manila,2024-10-20 09:46:00.000,35.0,10.201666666666666,102.3,21.52141695984752,20.460737002549216,1.060679957298298
manila,2024-10-20 09:01:00.000,29.0,5.956666666666666,59.5,20.558296961261867,19.5852594611336,0.973037500128271
manila,2024-10-20 08:46:30.000,27.0,5.3,51.1,20.05286721434421,19.18740380709152,0.865463407252701
manila,2024-10-20 07:46:30.000,19.0,2.21,20.4,18.659878112999827,18.042547220853542,0.6173308921462812
manila,2024-10-20 06:31:30.000,16.0,1.72,11.3,18.07277524231208,17.12399920351888,0.9487760387931984
manila,2024-10-20 05:31:30.000,15.0,1.3466666666666667,7.1,17.921468701908044,16.701766822316365,1.2197018795916783
manila,2024-10-20 04:46:30.000,11.0,1.145,6.8,17.48239366280274,16.424454925627956,1.0579387371747837
manila,2024-10-20 03:01:30.000,7.0,0.6966666666666667,4.1,17.013300399778082,16.38308465796471,0.6302157418133731
manila,2024-10-20 02:01:30.000,12.0,0.8533333333333334,6.4,18.11028645642331,17.13477135869295,0.9755150977303586
manila,2024-10-20 01:01:30.000,20.0,2.02,13.3,19.51309231739273,17.893618893933038,1.619473423459688
manila,2024-10-20 00:01:00.000,33.0,3.8400000000000003,25.7,21.640127482417384,19.681720092672567,1.958407389744817
manila,2024-10-19 23:01:00.000,52.0,9.68,70.6,24.89259253455582,22.06894870746409,2.823643827091725
manila,2024-10-19 22:01:00.000,57.0,11.565,100.5,25.619033651529293,23.55424644978236,2.064787201746934
manila,2024-10-19 21:01:00.000,59.0,14.635,120.6,26.02348798827055,24.15358161314173,1.8699063751288167
manila,2024-10-19 20:01:00.000,76.0,26.246666666666666,210.0,28.906337479212773,26.21196026273293,2.694377216479843
manila,2024-10-19 19:00:57.670,106.0,51.93666666666666,411.7,34.07474108176618,29.3742381788556,4.7005029029105785
manila,2024-10-19 18:00:56.703,118.0,74.48833333333333,614.6,36.00222787404845,30.99043169622405,5.011796177824401
manila,2024-10-19 17:45:52.060,115.0,73.61666666666666,603.9,35.54868705725737,31.05736792352506,4.491319133732308
manila,2024-10-19 16:46:04.131,111.0,65.81666666666666,525.6,34.883412364803135,30.93042958053126,3.9529827842718746
manila,2024-10-19 15:45:52.956,104.0,58.901666666666664,465.9,33.658968949993124,30.046861545428406,3.6121074045647177
manila,2024-10-19 15:01:05.351,100.0,55.195,453.6,33.02281064785322,29.27826784579285,3.7445428020603657
manila,2024-10-19 14:46:11.055,98.0,52.515,438.0,32.63588901843,29.03196331267115,3.6039257057588494
manila,2024-10-19 13:46:08.789,91.0,46.019999999999996,381.2,31.45962990321065,27.84490486012041,3.614725043090239
manila,2024-10-19 12:31:07.143,90.0,43.431666666666665,370.1,31.083687274986914,27.10897335760145,3.974713917385469
manila,2024-10-19 12:01:06.747,89.0,46.791666666666664,410.1,31.0596169222051,27.28351360220739,3.7761033199977128
manila,2024-10-19 11:46:00.000,88.0,47.19166666666667,426.5,30.83586907685223,27.180010581722467,3.6558584951297632
manila,2024-10-19 10:46:00.000,79.0,44.33833333333334,398.5,29.07103242110475,26.203759730679863,2.867272690424887
manila,2024-10-19 09:46:00.001,64.0,29.346666666666668,274.1,26.384502661102708,24.20936741855549,2.175135242547217
manila,2024-10-19 08:46:00.000,49.0,15.523333333333333,151.9,23.94241000955654,22.274879546306902,1.6675304632496335
manila,2024-10-19 07:46:00.000,39.0,6.983333333333333,73.7,21.995445735065942,20.41424804339464,1.5811976916713064
manila,2024-10-19 06:46:30.000,28.0,5.180000000000001,32.4,19.81273787203427,18.678255576338763,1.1344822956955056
manila,2024-10-19 05:46:30.000,21.0,2.6383333333333336,18.8,18.500192336352125,17.35175363273207,1.1484387036200552
manila,2024-10-19 04:46:30.000,11.0,1.88,9.2,17.161868476299833,16.566960695761736,0.5949077805380973
manila,2024-10-19 03:01:30.001,10.0,1.2866666666666666,7.4,17.371732264990364,16.495561348185948,0.8761709168044156
manila,2024-10-19 02:01:30.000,12.0,1.6833333333333333,6.8,17.83614023384368,17.104993077325606,0.7311471565180732
manila,2024-10-19 01:01:30.001,21.0,2.4866666666666664,16.2,19.557550855913924,17.900386261706064,1.6571645942078597
manila,2024-10-19 00:01:30.000,39.0,7.275,45.3,22.777979709477428,20.213182580530283,2.564797128947145
manila,2024-10-18 23:01:00.000,61.0,15.921666666666665,107.4,26.56383621833326,22.85768363353993,3.706152584793326
manila,2024-10-18 22:01:00.000,68.0,15.448333333333332,128.0,27.61806686440893,25.258760337683583,2.3593065267253515
manila,2024-10-18 21:01:00.000,80.0,21.451666666666664,173.3,29.667411963517768,26.898075849257424,2.7693361142603443
manila,2024-10-18 20:01:06.227,101.0,34.943333333333335,306.8,33.40295632830144,30.095116599971693,3.30783972832975
manila,2024-10-18 19:00:27.866,140.0,72.13166666666666,575.3,40.32130924394589,34.58501032261367,5.736298921332221
manila,2024-10-18 18:15:25.132,150.0,96.37166666666667,763.4,41.93687182068076,35.64287754953952,6.293994271141237
manila,2024-10-18 17:45:25.022,142.0,96.39833333333333,764.8,40.4808228921614,35.35272816996239,5.128094722199009
manila,2024-10-18 16:45:45.975,132.0,79.18833333333333,662.6,38.679804943361646,33.51711757189741,5.162687371464237
manila,2024-10-18 16:31:10.598,129.0,79.68166666666666,671.2,38.22551019299404,33.014029916461595,5.211480276532441
manila,2024-10-18 15:46:00.000,121.0,71.86999999999999,582.8,36.85039098670581,31.695274817339417,5.155116169366387
manila,2024-10-18 14:46:00.000,109.0,65.35166666666666,546.0,34.87490295084655,30.34385105719123,4.531051893655317
manila,2024-10-18 13:46:00.000,93.0,49.93666666666666,455.0,31.99806455581072,28.412453897050668,3.58561065876005
manila,2024-10-18 12:01:02.349,91.0,51.88333333333333,451.7,31.38543073630625,27.87654768109065,3.5088830552156054
manila,2024-10-18 11:31:00.000,92.0,50.15,440.6,31.63135096042017,28.18480207691579,3.4465488835043843
manila,2024-10-18 10:46:00.001,88.0,46.611666666666665,430.0,30.93083743606809,27.71531439160977,3.215523044458319
manila,2024-10-18 09:01:00.001,78.0,27.290000000000003,263.5,29.324665528769906,26.55320313266399,2.7714623961059104
manila,2024-10-18 08:01:00.000,88.0,34.348333333333336,317.7,31.306295051855063,26.925763588171343,4.38053146368372
manila,2024-10-18 07:46:05.634,87.0,34.33833333333334,315.4,31.02649340518761,26.53842531585776,4.488068089329854
manila,2024-10-18 06:46:30.001,66.0,26.416666666666668,223.8,27.054683907236825,23.52240660227367,3.532277304963156
manila,2024-10-18 05:46:30.001,37.0,7.4816666666666665,69.1,21.370668212483068,19.350992607293207,2.0196756051898603
manila,2024-10-18 04:46:30.000,12.0,1.9466666666666665,11.5,17.16004698050655,16.62335042532971,0.5366965551768388
manila,2024-10-18 03:01:30.000,7.0,0.6316666666666666,7.2,16.741964447307765,16.084240607577485,0.6577238397302807
manila,2024-10-18 02:01:30.000,8.0,1.0683333333333331,10.1,17.219624193170493,16.574249961326345,0.6453742318441478
manila,2024-10-18 01:01:30.000,13.0,1.57,9.7,18.26680826700327,17.22007719532771,1.0467310716755591
manila,2024-10-18 00:01:30.000,22.0,2.5016666666666665,19.0,19.851512624098937,18.754920688134263,1.0965919359646747
manila,2024-10-17 23:01:00.000,39.0,4.441666666666666,36.7,22.86122483352656,21.080844997355456,1.7803798361711003
manila,2024-10-17 22:01:00.000,50.0,6.6866666666666665,55.5,24.675751750803407,23.64495643229301,1.0307953185103962
manila,2024-10-17 21:01:00.000,64.0,10.736666666666668,98.3,27.05841397491972,25.737552365836507,1.320861609083206
manila,2024-10-17 20:01:00.000,84.0,22.73166666666667,212.5,30.71854757504362,29.09603776813629,1.622509806907324
manila,2024-10-17 19:01:09.023,121.0,55.541666666666664,493.4,37.20084171581748,33.624079141245666,3.576762574571809
manila,2024-10-17 18:30:58.559,126.0,71.88166666666666,619.4,38.056859072315575,34.67925991250358,3.377599159811993
manila,2024-10-17 18:15:22.873,124.0,72.18,625.7,37.61619350721358,34.789147652295924,2.8270458549176567
manila,2024-10-17 17:45:56.963,117.0,72.87166666666667,631.0,36.250101038099125,34.06376611552,2.186334922579121
manila,2024-10-17 16:46:03.970,108.0,62.16833333333333,551.8,34.79675120385376,32.040225585534536,2.756525618319224
manila,2024-10-17 15:46:03.393,97.0,53.675,468.3,32.94415715236971,30.11644297265844,2.827714179711272
manila,2024-10-17 14:46:00.000,89.0,46.163333333333334,425.2,31.456809897814463,28.82518018741997,2.6316297103944883
manila,2024-10-17 13:46:01.216,78.0,38.41166666666666,336.3,29.599094981131262,27.57802421055589,2.0210707705753777
manila,2024-10-17 12:01:00.001,84.0,45.32,391.8,30.45631390030392,27.810755419760945,2.6455584805429737
manila,2024-10-17 11:01:00.001,86.0,43.251666666666665,410.7,30.61617177579353,28.20767583824862,2.408495937544913
manila,2024-10-17 10:46:00.001,85.0,42.184999999999995,404.5,30.48766593478156,28.205161743935605,2.282504190845952
manila,2024-10-17 10:01:00.493,81.0,33.153333333333336,337.1,29.73358225617115,27.809188157125405,1.924394099045745
manila,2024-10-17 09:01:00.000,90.0,32.605,320.9,31.530253380347983,28.774065287058065,2.756188093289921
manila,2024-10-17 08:01:02.827,101.0,41.24,367.7,33.578821331006104,29.07091267148208,4.507908659524027
manila,2024-10-17 07:46:00.000,99.0,43.52833333333333,392.8,33.27377155544451,28.74593927883273,4.5278322766117824
manila,2024-10-17 06:46:30.001,74.0,34.44666666666667,284.3,28.64511744696243,24.84886670217121,3.796250744791216
manila,2024-10-17 05:46:30.000,37.0,9.195,68.2,21.49796780821736,19.764129196259155,1.7338386119581983
manila,2024-10-17 04:46:30.000,12.0,1.2566666666666668,8.5,17.115224721413938,16.561043276562742,0.5541814448511957
manila,2024-10-17 03:01:30.001,6.0,0.48000000000000004,4.5,16.726367516408295,16.025540659655565,0.7008268567527303
manila,2024-10-17 02:01:30.000,8.0,1.3599999999999999,5.7,17.263028786750688,16.572074245230382,0.6909545415203056
manila,2024-10-17 01:01:30.000,12.0,1.4549999999999998,10.4,18.12857473965836,17.110771114782864,1.0178036248754978
manila,2024-10-17 00:01:30.000,21.0,2.618333333333333,19.4,19.72935888781433,18.575983445083125,1.1533754427312068
manila,2024-10-16 23:01:30.000,40.0,5.068333333333333,39.2,23.17765362807892,20.97156738862869,2.206086239450226
manila,2024-10-16 22:01:30.000,56.0,9.360000000000001,77.8,25.854591046764327,23.67112815079101,2.183462895973321
manila,2024-10-16 21:01:00.001,72.0,15.871666666666666,133.5,28.510792090119857,25.767835824202983,2.742956265916874
manila,2024-10-16 20:01:00.000,100.0,30.490000000000002,268.3,33.1968437900508,28.92874619378042,4.26809759627038
manila,2024-10-16 19:01:06.809,137.0,67.93833333333333,561.5,39.91983093792078,33.36738058536832,6.552450352552462
manila,2024-10-16 18:16:00.432,145.0,94.11333333333333,755.5,41.27766625154115,34.411038861561586,6.866627389979563
manila,2024-10-16 17:45:54.564,136.0,91.305,771.6,39.63487308368062,33.651685857890264,5.983187225790353
manila,2024-10-16 16:46:00.000,118.0,70.645,634.5,36.55149253198445,31.74301376487044,4.808478767114014
manila,2024-10-16 15:46:00.000,101.0,58.958333333333336,502.4,33.58030950978159,29.9394984743456,3.6408110354359913
manila,2024-10-16 14:46:00.001,95.0,51.99333333333333,444.5,32.49596128155976,28.871159484626283,3.6248017969334754
manila,2024-10-16 13:46:00.000,85.0,44.28666666666666,368.8,30.83363223604578,27.464687243163777,3.368944992882003
manila,2024-10-16 12:01:00.000,92.0,52.11666666666667,456.4,31.845748947804683,27.80382887653701,4.041920071267668
manila,2024-10-16 11:01:00.093,95.0,50.33166666666667,451.6,32.32728041514613,28.41062224661076,3.9166581685353705
manila,2024-10-16 10:31:00.000,97.0,52.585,475.4,32.54742253183444,28.43706507298667,4.110357458847773
manila,2024-10-16 09:01:00.000,102.0,42.19166666666667,379.9,33.66793363283279,29.22318516729886,4.444748465533934
manila,2024-10-16 08:01:00.000,110.0,52.04333333333333,423.8,35.14256765815839,29.389458160170538,5.753109497987854
manila,2024-10-16 07:46:00.001,108.0,53.83833333333334,448.8,34.67832165709737,28.80193234501705,5.876389312080317
manila,2024-10-16 06:46:30.000,80.0,37.13666666666666,301.3,29.722232727630995,24.96215205813464,4.760080669496354
manila,2024-10-16 05:46:30.001,42.0,10.47,88.4,22.238453563465587,19.87056278339224,2.367890780073345
manila,2024-10-16 04:46:30.000,13.0,1.9400000000000002,12.4,17.19385112381572,16.504655092767074,0.6891960310486454
manila,2024-10-16 03:16:30.000,7.0,0.5850000000000001,6.9,16.76543152108446,16.025069338453804,0.7403621826306548
manila,2024-10-16 02:01:30.000,7.0,0.6283333333333334,6.0,16.937255470192053,16.349768370533972,0.5874870996580803
manila,2024-10-16 01:01:30.000,11.0,0.5816666666666667,6.1,17.780195528539807,16.904347981433062,0.8758475471067442
manila,2024-10-16 00:01:30.000,21.0,2.6133333333333337,18.4,19.64459763059835,18.25488708218114,1.389710548417213
manila,2024-10-15 23:01:30.000,39.0,4.37,37.2,22.78503300331656,20.45807615101824,2.3269568522983235
manila,2024-10-15 22:01:00.000,54.0,7.29,63.6,25.36469381572332,23.21608833472354,2.148605480999773
manila,2024-10-15 21:01:00.001,69.0,14.254999999999999,125.4,27.905551613972584,25.64210751357883,2.263444100393756
manila,2024-10-15 20:01:00.000,89.0,26.78166666666667,239.3,31.5459584929757,29.233346844422755,2.312611648552945
manila,2024-10-15 19:00:43.645,122.0,58.36,487.5,37.19464388132635,33.3748801811666,3.819763700159754
manila,2024-10-15 18:30:28.612,129.0,79.21499999999999,644.0,38.46886407185865,34.29426810094118,4.174595970917466
manila,2024-10-15 17:45:43.554,121.0,75.95833333333333,649.3,37.10431643667442,33.72858614667267,3.375730290001755
manila,2024-10-15 16:46:04.339,110.0,60.86666666666667,540.6,35.079046219113074,31.24406553180136,3.834980687311713
manila,2024-10-15 16:31:00.000,107.0,64.21833333333333,547.5,34.62752060147737,30.53637548370048,4.091145117776893
manila,2024-10-15 15:01:02.307,106.0,63.88666666666666,541.9,34.19235125074761,28.29443530697852,5.8979159437690925
manila,2024-10-15 14:46:00.000,105.0,63.394999999999996,529.6,34.004159063649496,27.95816114100553,6.04599792264397
manila,2024-10-15 13:46:00.000,97.0,51.11666666666667,466.1,32.586719016975685,26.711847327065552,5.874871689910133
manila,2024-10-15 13:16:00.184,90.0,43.208333333333336,431.7,31.67927438919208,26.661275074451144,5.01799931474093
manila,2024-10-15 12:16:00.000,93.0,51.70166666666667,429.7,31.92775346974407,27.08739403175577,4.840359437988294
manila,2024-10-15 11:01:00.000,91.0,45.09,407.5,31.44576504531585,28.298962366953468,3.146802678362384
manila,2024-10-15 10:46:00.000,90.0,44.30166666666666,411.9,31.253239211621462,28.34255077712184,2.9106884344996224
manila,2024-10-15 10:01:00.000,88.0,35.45666666666667,317.5,30.96195840604996,28.463199499385887,2.4987589066640723
manila,2024-10-15 09:01:00.000,99.0,37.440000000000005,326.2,33.08083362834473,29.60674016734159,3.474093461003136
manila,2024-10-15 08:01:00.000,106.0,48.64,390.1,34.500634491735255,29.956456555710723,4.544177936024532
manila,2024-10-15 07:46:00.001,105.0,48.03333333333333,390.2,34.19672652087843,29.58027317077548,4.6164533501029545
manila,2024-10-15 07:16:00.001,92.0,43.901666666666664,354.6,31.838818699089323,27.842074224413324,3.996744474676
manila,2024-10-15 06:46:30.066,76.0,33.77,266.2,28.7631088685042,25.359032808777297,3.404076059726897
manila,2024-10-15 05:46:30.000,39.0,7.595,67.3,21.897486230948697,20.081727625233874,1.815758605714823
manila,2024-10-15 04:46:30.000,11.0,0.9666666666666667,5.6,16.888164565300812,16.442086538531488,0.4460780267693245
manila,2024-10-15 04:01:30.000,6.0,1.0083333333333333,12.2,16.26515250106476,15.759509592384545,0.5056429086802172
manila,2024-10-15 03:01:30.001,5.0,1.0666666666666667,11.1,16.495980102926236,15.842836055565003,0.6531440473612307
manila,2024-10-15 02:01:30.001,7.0,1.3583333333333334,5.9,17.028834180201258,16.19792050320746,0.8309136769937986
manila,2024-10-15 01:01:30.001,11.0,1.28,12.4,18.03656118497984,16.89929999281886,1.1372611921609774
manila,2024-10-15 00:01:30.000,17.0,2.3666666666666667,15.1,19.15192896181541,18.08982395798325,1.0621050038321656
manila,2024-10-14 23:01:30.000,29.0,3.5683333333333334,24.3,20.92629305341136,19.56320264959352,1.3630904038178393
manila,2024-10-14 22:01:30.001,43.0,5.819999999999999,43.4,23.61686061448576,21.977415439277543,1.6394451752082126
manila,2024-10-14 21:01:00.001,62.0,10.09,90.3,26.78490899781257,24.06079443135489,2.72411456645769
manila,2024-10-14 20:01:00.000,86.0,24.56,210.5,30.82174178341289,27.077340681699432,3.744401101713457
manila,2024-10-14 19:00:50.771,122.0,55.64666666666667,473.4,37.035736895304254,30.97860023784364,6.057136657460617
manila,2024-10-14 18:15:55.447,128.0,75.88333333333334,644.8,37.95196687891875,31.592090052565208,6.3598768263535455
manila,2024-10-14 17:45:46.690,122.0,75.945,630.6,36.85749003850492,30.992015056272443,5.865474982232477
manila,2024-10-14 16:46:03.052,104.0,58.555,528.9,34.22042698347318,29.36276655528093,4.857660428192251
manila,2024-10-14 16:01:00.000,94.0,48.575,445.3,32.90405057377785,28.603909848237578,4.300140725540274
manila,2024-10-14 15:46:00.000,93.0,51.144999999999996,456.5,32.79998320757792,28.304588890557184,4.4953943170207324
manila,2024-10-14 14:46:00.001,82.0,42.525,396.0,30.16317451390121,26.547412183146548,3.615762330754663
manila,2024-10-14 13:46:00.582,66.0,28.836666666666666,282.8,27.544997058650075,25.35304998224872,2.191947076401359
manila,2024-10-14 13:01:00.001,64.0,25.631666666666668,223.5,26.958638473495856,24.79824205964725,2.1603964138485985
manila,2024-10-14 12:01:00.000,72.0,36.405,335.8,28.3270961223541,25.31677611020124,3.010320012152864
manila,2024-10-14 11:31:30.000,75.0,33.94833333333334,340.3,28.78547803400223,25.766245166251043,3.019232867751189
manila,2024-10-14 10:01:00.000,74.0,26.636666666666667,264.3,28.53416995720183,25.925158794111294,2.6090111630905355
manila,2024-10-14 09:01:00.000,89.0,28.87,277.9,31.281385969215115,27.34221862370932,3.9391673455057976
manila,2024-10-14 08:01:01.214,101.0,40.42833333333333,348.8,33.4140846992717,28.88924601238811,4.524838686883587
manila,2024-10-14 07:46:02.470,102.0,41.17333333333333,344.8,33.6740154666624,28.89401398805228,4.780001478610117
manila,2024-10-14 07:31:00.640,99.0,40.47666666666667,352.3,32.918693839000014,28.30424536368151,4.614448475318504
manila,2024-10-14 06:46:30.000,80.0,33.24666666666666,264.9,28.96959981129338,25.249065105152525,3.7205347061408567
manila,2024-10-14 05:46:30.000,44.0,10.206666666666667,96.5,22.217679944309086,20.179151390904607,2.038528553404479
manila,2024-10-14 04:46:30.000,12.0,0.7066666666666667,4.9,16.626459624245772,16.119462324600956,0.5069972996448158
manila,2024-10-14 04:16:30.000,6.0,0.5616666666666668,4.6,15.977872031213955,15.52453473373788,0.453337297476077
manila,2024-10-14 03:01:30.001,2.0,0.4266666666666667,3.0,15.903287662206385,15.577527306237918,0.3257603559684643
manila,2024-10-14 02:01:30.000,3.0,0.056666666666666664,0.5,16.226052170768764,15.960738500209718,0.2653136705590455
manila,2024-10-14 01:01:30.000,8.0,0.17666666666666667,1.3,16.99326060820104,16.388303803600635,0.6049568046004055
manila,2024-10-14 00:01:30.000,15.0,0.7566666666666666,7.6,18.445603153113947,17.85445400682291,0.5911491462910377
manila,2024-10-13 23:01:00.000,32.0,1.9166666666666667,17.3,21.0475963595036,19.823280843453688,1.2243155160499055
manila,2024-10-13 22:01:00.000,43.0,4.621666666666667,47.0,22.9988812235544,21.985776484988698,1.0131047385657013
manila,2024-10-13 21:01:00.001,46.0,5.321666666666667,55.5,23.543661812244512,22.780095257662776,0.7635665545817361
manila,2024-10-13 20:01:00.000,54.0,10.541666666666666,93.8,24.784913405153222,23.737737988026826,1.0471754171263967
manila,2024-10-13 19:01:00.001,69.0,21.26833333333333,194.5,27.374184976674965,25.141701351970426,2.232483624704539
manila,2024-10-13 18:15:53.323,74.0,29.113333333333333,276.4,28.26925202543046,25.52036088473507,2.748891140695392
manila,2024-10-13 17:46:08.487,70.0,27.41,262.7,27.65073072940714,25.53023084365964,2.1204998857475026
manila,2024-10-13 16:31:00.348,65.0,22.848333333333336,212.7,26.8239011334383,25.0215358837619,1.8023652496764024
manila,2024-10-13 15:46:00.000,62.0,19.18166666666667,168.4,26.158065157041484,24.50360517386593,1.654459983175549
manila,2024-10-13 14:46:00.001,54.0,14.068333333333333,123.2,25.003195062092264,23.62977440452866,1.373420657563603
manila,2024-10-13 13:46:00.000,48.0,11.983333333333333,104.4,23.867477755124725,22.59006606000184,1.2774116951228829
manila,2024-10-13 12:01:00.000,46.0,10.136666666666667,94.5,23.458987590265345,22.172222309775904,1.2867652804894405
manila,2024-10-13 11:46:00.001,46.0,10.598333333333333,105.4,23.495302381142544,22.13684936446654,1.3584530166760054
manila,2024-10-13 10:46:00.000,42.0,10.003333333333334,92.8,22.70503491102296,21.44711608946897,1.2579188215539858
manila,2024-10-13 09:46:00.000,34.0,8.123333333333333,84.1,21.15600502747022,20.288133991186072,0.8678710362841464
manila,2024-10-13 08:46:00.000,27.0,4.753333333333333,46.0,19.968280769760533,19.10960013830333,0.8586806314571973
manila,2024-10-13 08:31:30.000,24.0,3.83,36.1,19.49911765503479,18.77277934423677,0.7263383107980168
manila,2024-10-13 07:46:30.000,19.0,2.915,23.0,18.576345040694424,17.89247610391719,0.6838689367772339
manila,2024-10-13 07:31:30.000,18.0,2.4050000000000002,20.1,18.30725374117748,17.660112234347757,0.6471415068297226
manila,2024-10-13 06:46:30.000,14.0,1.3633333333333333,10.8,17.73357415802454,17.200846668279063,0.5327274897454757
manila,2024-10-13 05:31:30.000,11.0,0.785,6.6,17.251883973827553,16.564431822288512,0.6874521515390413
manila,2024-10-13 04:31:30.000,8.0,1.2650000000000001,6.4,16.989507707955436,16.382527993918288,0.6069797140371485
manila,2024-10-13 03:01:30.000,7.0,0.975,4.6,17.093077101860985,16.449852667884954,0.6432244339760302
manila,2024-10-13 02:01:30.000,12.0,0.955,6.5,17.933160004057957,16.961790204528747,0.97136979952921
manila,2024-10-13 01:01:30.000,26.0,2.76,20.1,19.599592666653702,17.077282213012268,2.5223104536414382
manila,2024-10-13 00:01:30.000,38.0,6.088333333333334,46.4,21.612479757025056,18.731271816492697,2.8812079405323594
manila,2024-10-12 23:01:05.230,54.0,12.568333333333333,83.3,24.64150025700945,21.36263445288093,3.278865804128529
manila,2024-10-12 22:31:00.000,58.0,15.393333333333334,117.4,25.579119151909847,22.726073204326607,2.85304594758324
manila,2024-10-12 21:01:00.000,66.0,15.778333333333334,115.7,26.98388430105669,24.05301891805928,2.930865382997414
manila,2024-10-12 20:01:01.847,89.0,30.205,248.9,30.97905617440749,26.13835620532804,4.8406999690794486
manila,2024-10-12 19:00:55.211,120.0,58.94833333333334,489.2,36.26044638941982,29.35021941066051,6.910226978759308
manila,2024-10-12 18:00:30.192,136.0,86.65833333333333,673.8,39.185038981601615,31.08083702516756,8.10420195643406
manila,2024-10-12 17:45:50.057,134.0,87.37166666666667,677.4,38.71919439417901,31.04980766218844,7.669386731990574
manila,2024-10-12 16:46:05.036,133.0,81.74833333333332,652.1,38.21713408414405,30.46179658878945,7.755337495354599
manila,2024-10-12 15:46:10.640,128.0,73.88166666666666,578.3,37.26590203777607,29.647269823430644,7.618632214345428
manila,2024-10-12 14:45:54.664,116.0,63.27166666666667,528.7,35.42684799177255,28.819811487300274,6.607036504472273
manila,2024-10-12 13:45:54.037,99.0,52.13666666666666,411.4,32.360505081007474,27.22557886155813,5.134926219449341
manila,2024-10-12 13:30:56.041,96.0,47.47666666666667,404.3,31.84014770234057,26.97126295993652,4.8688847424040524
manila,2024-10-12 12:46:16.244,93.0,40.61833333333333,362.5,31.18118056145988,26.76597339864546,4.4152071628144185
manila,2024-10-12 11:46:05.074,86.0,41.65,356.8,30.195302035817736,26.965166213388656,3.23013582242908
manila,2024-10-12 11:31:00.000,85.0,43.97,389.5,30.080854369704912,26.91013725012552,3.170717119579397
manila,2024-10-12 10:46:00.000,81.0,46.544999999999995,401.1,29.152107660592883,26.067168666656613,3.084938993936269
manila,2024-10-12 09:46:00.000,63.0,29.116666666666667,281.1,26.03702711863734,23.95066520548536,2.086361913151979
manila,2024-10-12 09:31:00.001,58.0,22.696666666666665,224.2,25.294444604937464,23.470197266946062,1.8242473379914017
manila,2024-10-12 08:46:00.001,49.0,13.1,134.2,23.778804248463548,22.059423923256688,1.7193803252068598
manila,2024-10-12 07:46:30.000,40.0,6.5233333333333325,72.6,22.004982451389804,20.20885694609932,1.7961255052904832
manila,2024-10-12 07:16:30.000,35.0,4.3149999999999995,42.9,21.039478389697464,19.451713676273503,1.587764713423958
manila,2024-10-12 07:01:30.000,33.0,3.5966666666666667,34.7,20.72040465090092,19.11643274560532,1.6039719052956016
manila,2024-10-12 06:46:30.000,30.0,3.8266666666666667,32.6,20.13614016251845,18.70150640975877,1.4346337527596802
manila,2024-10-12 05:46:30.001,22.0,2.606666666666667,17.3,18.78628646313275,17.475639018808067,1.3106474443246832
manila,2024-10-12 04:46:30.000,11.0,1.24,11.7,16.956438873003663,16.473212898948656,0.4832259740550064
manila,2024-10-12 03:01:30.000,9.0,0.8633333333333333,8.5,17.321004816399245,16.606726705852374,0.7142781105468714
manila,2024-10-12 02:01:30.000,13.0,1.7233333333333334,8.6,18.150667130876272,17.259696129679686,0.8909710011965863
manila,2024-10-12 01:01:30.000,22.0,2.6533333333333333,25.4,19.75170467224588,17.993240951206463,1.7584637210394156
manila,2024-10-12 00:01:00.000,41.0,6.7266666666666675,56.8,22.820972366439666,20.100253413028643,2.7207189534110228
manila,2024-10-11 23:01:00.000,62.0,14.905,106.0,26.44637346955836,22.79328896084561,3.6530845087127375
manila,2024-10-11 22:01:00.000,72.0,18.483333333333334,144.9,28.10966475084296,25.1514201234206,2.9582446274223635
manila,2024-10-11 21:01:00.001,90.0,27.653333333333332,228.3,31.135185276341417,26.81358409999651,4.321601176344906
manila,2024-10-11 20:01:14.282,116.0,44.980000000000004,385.2,36.06143663639009,30.220261166246544,5.841175470143547
manila,2024-10-11 19:00:40.690,151.0,81.71333333333334,681.7,42.00324245555776,34.2882197331119,7.715022722445859
manila,2024-10-11 18:45:19.440,155.0,93.08666666666666,763.1,42.56746807381455,34.98246393474683,7.58500413906772
manila,2024-10-11 18:00:47.317,143.0,96.38333333333334,807.1,40.69058567185277,35.38290965191885,5.307676019933922
manila,2024-10-11 17:45:21.817,138.0,90.63833333333334,754.3,39.82808785136773,35.244212141007345,4.583875710360381
manila,2024-10-11 17:30:47.653,134.0,87.09833333333333,728.2,39.02798784376189,34.87189485185394,4.156092991907954
manila,2024-10-11 16:46:04.752,126.0,75.705,641.6,37.56618860499968,33.336469056649115,4.229719548350559
manila,2024-10-11 15:46:00.000,117.0,73.15833333333333,608.3,36.22118019150272,31.68842843405524,4.532751757447478
manila,2024-10-11 15:31:01.281,115.0,72.89166666666667,588.3,35.82161199645283,31.40612909700401,4.415482899448815
manila,2024-10-11 14:46:00.000,106.0,63.50333333333333,531.5,34.12283097938523,30.09245808312036,4.030372896264868
manila,2024-10-11 14:31:00.000,102.0,61.47666666666667,529.8,33.36702817043075,29.644237719031963,3.7227904513987866
manila,2024-10-11 14:16:32.443,97.0,56.38666666666666,471.9,32.60704798427528,29.18492858902802,3.422119395247257
manila,2024-10-11 13:46:02.423,88.0,47.376666666666665,418.6,31.12568143025837,28.367440291360964,2.758241138897411
manila,2024-10-11 12:01:00.140,88.0,49.88166666666667,409.9,31.10883184797969,27.94800471799634,3.160827129983353
manila,2024-10-11 11:31:00.001,88.0,48.78333333333333,421.7,30.96193514513952,27.98934207260823,2.972593072531282
manila,2024-10-11 10:46:00.000,85.0,43.75333333333333,414.5,30.37658038679437,27.671248314177383,2.7053320726169865
manila,2024-10-11 09:01:00.000,83.0,28.548333333333336,272.3,30.27799955138057,26.57341200440335,3.704587546977219
manila,2024-10-11 08:01:00.976,93.0,35.51,320.3,32.17062613344097,26.922920792601296,5.247705340839673
manila,2024-10-11 07:46:00.000,90.0,37.67166666666667,338.4,31.67795817590886,26.584760150990363,5.093198024918497
manila,2024-10-11 06:46:30.000,67.0,26.45,230.9,27.342962420568625,23.718268024424624,3.624694396144001
manila,2024-10-11 05:46:30.000,36.0,6.598333333333333,62.8,21.417172123819128,19.60688924177372,1.81028288204541
manila,2024-10-11 04:46:30.000,11.0,1.0716666666666665,5.9,16.91743989177891,16.554923236779654,0.3625166549992542
manila,2024-10-11 03:31:30.000,6.0,0.7366666666666667,8.5,16.51715989080937,15.942452052295351,0.5747078385140174
manila,2024-10-11 02:01:30.000,7.0,1.055,5.9,17.16112164298227,16.62648271716958,0.5346389258126898
manila,2024-10-11 01:01:30.000,12.0,1.3816666666666668,10.5,18.036277145275715,17.23807282785836,0.7982043174173548
manila,2024-10-11 00:01:30.000,20.0,2.3483333333333336,16.4,19.447825541943928,18.7194420715994,0.7283834703445322
manila,2024-10-10 23:01:30.001,35.0,3.8583333333333334,33.1,22.05172090210056,20.939710407025128,1.1120104950754277
manila,2024-10-10 22:01:30.000,49.0,6.216666666666667,55.7,24.610103695255447,23.74530722003742,0.864796475218025
manila,2024-10-10 21:01:00.000,61.0,12.251666666666667,105.5,26.81715007235802,25.90157744066796,0.9155726316900684
manila,2024-10-10 20:01:00.362,84.0,23.19,222.8,30.78117264567348,29.076565594425603,1.70460705124788
manila,2024-10-10 19:00:27.805,119.0,52.07833333333333,487.5,36.72283727963437,33.59214681197607,3.1306904676582974
manila,2024-10-10 18:30:29.895,128.0,73.52833333333334,658.1,38.19046215886016,34.57050400962629,3.6199581492338666
manila,2024-10-10 17:46:01.759,118.0,77.53333333333333,653.1,36.54499630962037,33.99914065462066,2.5458556549997127
manila,2024-10-10 17:00:48.271,110.0,60.12,519.5,35.03155585525208,32.511028349766484,2.520527505485596
manila,2024-10-10 16:46:08.904,109.0,65.4,563.5,35.101489712724565,31.96247910457982,3.139010608144744
manila,2024-10-10 15:46:00.001,101.0,56.74333333333333,480.1,33.646786097880664,29.99031071230146,3.656475385579202
manila,2024-10-10 14:46:00.000,94.0,49.669999999999995,460.5,32.3185947570834,28.918346637108264,3.4002481199751315
manila,2024-10-10 13:46:00.000,78.0,36.080000000000005,338.3,29.550694536104093,27.43092435445096,2.1197701816531307
manila,2024-10-10 12:01:00.000,86.0,45.96333333333334,370.0,30.83965231935385,27.75950840180572,3.080143917548124
manila,2024-10-10 11:01:00.000,90.0,44.251666666666665,410.8,31.39221876212043,28.297282819472635,3.094935942647794
manila,2024-10-10 10:46:00.000,89.0,43.89333333333333,408.2,31.23061459681201,28.27006257379643,2.960552023015584
manila,2024-10-10 09:01:06.567,94.0,33.48,315.8,32.02798050937557,28.57919111930777,3.4487893900677946
manila,2024-10-10 08:01:00.000,106.0,45.625,390.4,34.81888221806882,29.47211899300077,5.346763225068052
manila,2024-10-10 07:46:00.001,103.0,48.58166666666667,409.1,34.31896469962852,29.10283544440103,5.216129255227493
manila,2024-10-10 06:46:30.001,73.0,32.598333333333336,286.3,28.589517953327068,25.00162285144036,3.5878951018867085
manila,2024-10-10 05:46:30.000,37.0,8.908333333333333,77.8,21.726428165388096,20.022262225461446,1.70416593992665
manila,2024-10-10 04:46:30.000,12.0,1.3466666666666667,12.5,17.090360541596144,16.54773466443619,0.5426258771599528
manila,2024-10-10 03:01:30.000,6.0,1.3033333333333335,8.6,16.64523539282143,16.051822349544892,0.5934130432765379
manila,2024-10-10 02:01:30.000,7.0,0.7983333333333333,7.0,17.152254904347,16.555600888371785,0.596654015975215
manila,2024-10-10 01:01:30.000,11.0,1.2566666666666668,9.7,18.066054352638023,17.220038374081536,0.8460159785564869
manila,2024-10-10 00:01:30.000,21.0,3.425,23.7,19.736200859749225,18.65916753408835,1.0770333256608744
manila,2024-10-09 23:01:00.001,39.0,5.6483333333333325,42.3,22.95213527897272,20.971935635976443,1.980199642996276
manila,2024-10-09 22:01:00.001,50.0,7.645,53.2,24.7926196769899,23.635814777185644,1.156804899804257
manila,2024-10-09 21:01:00.001,64.0,13.545,100.7,27.286631519069672,25.950631543186034,1.335999975883638
manila,2024-10-09 20:01:02.996,89.0,24.845000000000002,219.2,31.41509929981416,29.03936875171127,2.37573054810289
manila,2024-10-09 19:00:48.304,126.0,60.51,492.7,38.1632003615415,33.93591881222941,4.227281549312089
manila,2024-10-09 18:30:57.180,130.0,76.02166666666668,629.4,38.537982914488495,34.51030879820251,4.027674116285986
manila,2024-10-09 17:45:58.765,119.0,74.57666666666667,627.6,36.81935423404163,34.026827266826864,2.792526967214769
manila,2024-10-09 16:46:04.078,106.0,53.98166666666667,487.8,34.579733288832834,31.84212334889468,2.7376099399381566
manila,2024-10-09 15:46:00.000,97.0,51.38666666666666,437.2,32.82531587028432,29.99795912099424,2.8273567492900824
manila,2024-10-09 14:46:00.000,92.0,46.79833333333333,409.7,32.04672677653575,28.94477068084537,3.10195609569038
manila,2024-10-09 14:31:00.000,89.0,44.63333333333333,391.2,31.488661789884183,28.60070567431825,2.8879561155659346
manila,2024-10-09 13:01:00.000,80.0,30.13,275.2,29.74964939913403,27.05837105630487,2.6912783428291576
manila,2024-10-09 12:01:00.000,89.0,48.905,405.9,31.255715067129174,27.69966107534025,3.556053991788925
manila,2024-10-09 11:01:00.000,94.0,47.05333333333333,416.2,32.09057476702546,28.422479765294263,3.668095001731192
manila,2024-10-09 10:46:00.000,94.0,46.25333333333333,420.9,32.05582043038611,28.37343451048781,3.682385919898298
manila,2024-10-09 09:01:00.000,100.0,36.97166666666667,330.0,33.03185208176976,29.10954171946678,3.922310362302984
manila,2024-10-09 08:01:00.000,106.0,46.125,392.7,34.49298417031749,29.472431617706047,5.020552552611445
manila,2024-10-09 07:46:00.001,103.0,47.745,406.3,34.0008243068676,29.082809741719792,4.918014565147807
manila,2024-10-09 06:46:30.000,75.0,33.39333333333333,286.0,28.922108551877464,25.19886995588166,3.723238595995806
manila,2024-10-09 05:46:30.000,38.0,8.406666666666666,75.7,21.61051241975292,19.98575566486377,1.6247567548891446
manila,2024-10-09 04:46:30.000,11.0,0.5533333333333333,4.3,17.07455623081176,16.673248661262832,0.4013075695489263
manila,2024-10-09 03:46:30.000,8.0,0.815,12.0,16.581938217905957,15.778895604248277,0.8030426136576807
manila,2024-10-09 02:01:30.000,8.0,0.63,18.1,17.11632894521062,16.395549716726514,0.7207792284841048
manila,2024-10-09 01:01:30.001,13.0,1.4416666666666667,12.5,18.10572231518208,16.914617280134852,1.191105035047226
manila,2024-10-09 00:01:30.000,23.0,3.1550000000000002,22.0,19.946914234292745,18.31269503916016,1.6342191951325873
manila,2024-10-08 23:01:00.000,42.0,7.243333333333334,57.8,23.44810372319849,20.52952066426596,2.918583058932533
manila,2024-10-08 22:01:00.000,62.0,9.691666666666666,88.8,26.82959691547125,23.36904007750524,3.46055683796601
manila,2024-10-08 21:01:00.000,75.0,16.788333333333334,157.6,29.17334135965381,25.76297781490524,3.410363544748577
manila,2024-10-08 20:01:00.000,97.0,26.426666666666666,251.5,33.10254366678151,29.552342862376765,3.550200804404742
manila,2024-10-08 19:01:02.751,128.0,60.24166666666667,508.2,38.52040104220301,33.70437032942085,4.816030712782165
manila,2024-10-08 18:30:22.375,133.0,77.90333333333334,647.8,39.16197863969794,34.29063692681363,4.871341712884309
manila,2024-10-08 17:46:09.926,123.0,75.15333333333334,644.9,37.46278608466588,33.75383064693058,3.708955437735298
manila,2024-10-08 16:46:00.033,108.0,59.25833333333333,522.2,34.7919410012077,31.364147882928066,3.427793118279631
manila,2024-10-08 15:46:02.662,95.0,52.47166666666667,438.9,32.527121606176024,29.57474795881896,2.952373647357064
manila,2024-10-08 15:31:00.000,92.0,52.544999999999995,450.1,32.072350755639704,29.39347709514105,2.6788736604986525
manila,2024-10-08 14:46:00.000,87.0,44.031666666666666,397.4,30.90291816949234,28.150220792438404,2.752697377053938
manila,2024-10-08 13:01:00.000,75.0,31.418333333333333,278.4,29.024165214077083,26.778225240799408,2.245939973277676
manila,2024-10-08 12:01:00.000,84.0,43.080000000000005,377.8,30.60840411610531,27.673743022369408,2.934661093735901
manila,2024-10-08 11:01:00.001,91.0,45.30833333333333,411.5,31.397713238534784,28.33599598771243,3.0617172508223547
manila,2024-10-08 10:01:00.000,92.0,38.611666666666665,376.7,31.62545085603304,28.594655213796088,3.030795642236953
manila,2024-10-08 09:01:04.336,104.0,40.54,373.5,33.873387922598475,29.66125409076564,4.212133831832833
manila,2024-10-08 08:01:00.000,115.0,52.230000000000004,442.2,36.07614029855528,30.089516808702005,5.986623489853276
manila,2024-10-08 07:46:00.000,113.0,56.46333333333334,460.6,35.81861110969539,29.64997982773176,6.168631281963627
manila,2024-10-08 06:46:30.000,81.0,41.86833333333333,340.8,29.811484463425447,25.403222242571303,4.408262220854144
manila,2024-10-08 05:46:30.000,40.0,9.806666666666667,91.5,22.025796173179625,20.17801588162369,1.8477802915559352
manila,2024-10-08 04:46:30.000,10.0,0.77,6.3,16.861958542345143,16.521925035152417,0.3400335071927252
manila,2024-10-08 03:01:30.000,5.0,1.07,7.2,16.400762571964588,15.775705147852744,0.6250574241118425
manila,2024-10-08 02:01:30.000,6.0,0.7366666666666667,5.6,16.63544763073105,16.031478512908034,0.6039691178230164
manila,2024-10-08 01:01:30.000,10.0,1.1266666666666665,6.9,17.434207920468822,16.598905141086572,0.8353027793822498
manila,2024-10-08 00:01:30.000,16.0,1.7333333333333334,14.8,18.62550260781491,17.7958544567988,0.8296481510161087
manila,2024-10-07 23:01:30.000,26.0,2.03,19.0,20.57369196094145,19.68037312615009,0.8933188347913479
manila,2024-10-07 22:01:00.000,39.0,3.6016666666666666,29.6,22.887575655511505,21.856478142013746,1.031097513497759
manila,2024-10-07 21:01:00.001,54.0,8.271666666666667,76.4,25.494054249370343,24.112709233759944,1.3813450156103997
manila,2024-10-07 20:01:30.145,77.0,21.253333333333334,180.7,29.54156991908801,27.280020419813887,2.2615494992741283
manila,2024-10-07 19:01:04.793,113.0,47.861666666666665,411.4,35.80909473125716,31.43112040635552,4.37797432490164
manila,2024-10-07 18:31:12.178,118.0,64.95,566.4,36.70129780894363,32.23223490785097,4.469062901092656
manila,2024-10-07 17:45:58.724,108.0,63.35666666666667,571.1,34.9920445395683,31.58735936004227,3.4046851795260267
manila,2024-10-07 16:46:00.001,96.0,48.998333333333335,441.8,32.88080015554061,29.52349981356552,3.357300341975094
manila,2024-10-07 15:46:00.000,84.0,45.443333333333335,407.7,30.5816745897893,27.469774651323373,3.1118999384659283
manila,2024-10-07 14:46:00.000,77.0,38.735,348.7,29.58483832232824,26.65745248708562,2.927385835242621
manila,2024-10-07 13:46:00.000,66.0,28.003333333333334,269.0,27.51344121110368,25.383312189783457,2.1301290213202257
manila,2024-10-07 12:01:00.000,76.0,39.431666666666665,348.0,28.84852489878241,25.21687592713257,3.631648971649845
manila,2024-10-07 11:01:00.000,86.0,39.968333333333334,375.7,30.38330897602806,25.62723582710458,4.75607314892348
manila,2024-10-07 10:01:03.839,90.0,37.08833333333334,353.3,31.04721373713312,25.839314925409965,5.207898811723155
manila,2024-10-07 09:01:02.138,110.0,48.13,407.0,34.80580568701094,27.29328383365153,7.512521853359406
manila,2024-10-07 08:01:00.000,129.0,75.39166666666667,553.0,38.415286907581006,28.867682340110854,9.547604567470152
manila,2024-10-07 07:46:00.351,127.0,78.97166666666666,575.7,38.2447339543595,28.76846630028251,9.476267654076995
manila,2024-10-07 06:46:30.001,97.0,55.495,419.2,31.88619384882492,25.31556539341237,6.570628455412546
manila,2024-10-07 05:46:30.000,52.0,12.1,122.9,23.38477155858813,20.14672900265975,3.2380425559283808
manila,2024-10-07 04:46:30.000,16.0,0.6966666666666667,11.6,17.151165336836648,16.15079670357606,1.0003686332605888
manila,2024-10-07 03:46:30.001,3.0,0.18333333333333332,2.1,15.727291416346771,15.319745832423424,0.4075455839233495
manila,2024-10-07 02:01:30.000,3.0,0.19666666666666668,2.4,16.1832581731907,15.807700337555488,0.3755578356352131
manila,2024-10-07 01:01:00.001,8.0,0.28500000000000003,2.1,17.04048314612024,16.379321887880316,0.6611612582399253
manila,2024-10-07 00:01:30.000,17.0,0.5233333333333333,3.6,18.546138030210862,17.650396520739204,0.8957415094716588
manila,2024-10-06 23:01:00.001,36.0,3.1166666666666667,22.6,21.702391688424992,19.71737279149114,1.985018896933852
manila,2024-10-06 22:01:00.000,47.0,5.96,49.3,23.6385476384454,21.857718839644367,1.7808287988010356
manila,2024-10-06 21:01:00.001,55.0,7.0216666666666665,81.2,24.8253032760524,22.59847189987232,2.22683137618008
manila,2024-10-06 20:01:00.000,60.0,11.898333333333333,109.9,25.688340715601928,23.457009714727217,2.231331000874711
manila,2024-10-06 19:01:06.363,73.0,22.029999999999998,224.6,28.072039879340505,25.017216309746413,3.054823569594092
manila,2024-10-06 18:31:14.250,79.0,29.233333333333334,286.5,29.1031610682275,25.420262657360617,3.6828984108668834
manila,2024-10-06 17:46:00.225,71.0,28.516666666666666,240.1,27.70887980366952,25.36136060011724,2.347519203552281
manila,2024-10-06 16:31:00.000,64.0,20.33,186.8,26.52111644276536,24.832111944030142,1.689004498735212
manila,2024-10-06 15:46:03.990,60.0,17.90666666666667,160.8,25.92458105321453,24.46890291517026,1.45567813804427
manila,2024-10-06 14:46:02.124,54.0,14.188333333333333,122.3,24.85263171649157,23.600253318050623,1.2523783984409498
manila,2024-10-06 13:46:00.000,47.0,12.014999999999999,98.3,23.855535566995243,22.65880454123924,1.1967310257560015
manila,2024-10-06 12:01:00.000,49.0,12.195,108.1,23.96393700384992,22.109069108695024,1.8548678951548965
manila,2024-10-06 11:46:00.000,49.0,12.031666666666666,114.0,23.87150758172625,21.97006365191669,1.90144392980956
manila,2024-10-06 10:46:00.001,45.0,11.098333333333333,100.7,23.04453442316608,21.38023797034325,1.6642964528228248
manila,2024-10-06 09:46:00.000,40.0,9.886666666666667,93.6,22.13482355337344,20.292068187650685,1.842755365722756
manila,2024-10-06 08:46:30.000,32.0,6.548333333333333,57.2,20.81683431364133,19.09645784187103,1.720376471770301
manila,2024-10-06 07:46:30.000,23.0,2.1566666666666667,21.5,19.23706701880033,17.963873275953674,1.273193742846658
manila,2024-10-06 06:46:30.000,19.0,1.9833333333333334,11.2,18.426366578475,17.14585840155737,1.2805081769176248
manila,2024-10-06 05:31:30.000,18.0,0.855,8.8,18.18614841653565,16.49841192981492,1.6877364867207303
manila,2024-10-06 04:46:30.000,14.0,1.1849999999999998,7.6,17.78700679911594,16.336401084853634,1.4506057142623057
manila,2024-10-06 03:01:30.001,13.0,0.6083333333333333,5.4,18.277123101968574,16.716039837351783,1.5610832646167907
manila,2024-10-06 02:01:30.000,18.0,1.0033333333333334,11.3,18.95182685839152,17.089315681864154,1.86251117652736
manila,2024-10-06 01:01:30.000,30.0,3.275,21.8,20.35372743459965,17.192925563476066,3.160801871123589
manila,2024-10-06 00:01:00.000,40.0,5.4783333333333335,47.0,21.85180005140169,18.76866262920964,3.083137422192056
manila,2024-10-05 23:01:00.001,53.0,9.613333333333333,85.3,24.305044326705,21.11292480527304,3.192119521431959
manila,2024-10-05 22:31:00.000,56.0,12.34,110.5,24.862311023730484,22.278242291908875,2.58406873182161
manila,2024-10-05 21:01:00.000,57.0,13.331666666666667,105.7,25.550526806511208,24.044321174021807,1.5062056324894009
manila,2024-10-05 20:01:00.001,79.0,22.475,198.4,29.49343223314395,26.254054354879376,3.239377878264573
manila,2024-10-05 19:00:38.769,110.0,50.335,412.6,34.85129191737721,29.469082406097613,5.382209511279598
manila,2024-10-05 18:00:54.606,121.0,70.47166666666666,599.6,36.45694141250813,30.924689038766594,5.532252373741535
manila,2024-10-05 17:01:08.664,121.0,67.15333333333334,551.3,36.487230407705454,31.042454989897337,5.444775417808117
manila,2024-10-05 16:31:04.378,122.0,68.765,533.0,36.9003768948172,30.79359975299633,6.106777141820871
manila,2024-10-05 15:30:42.975,118.0,64.79,521.9,35.685396213323585,29.32276368618964,6.362632527133943
manila,2024-10-05 14:45:51.911,113.0,59.483333333333334,508.2,34.763055100542736,28.67161967946009,6.091435421082647
manila,2024-10-05 13:45:41.096,96.0,44.901666666666664,391.1,31.706923512127272,27.28574464635421,4.4211788657730615
manila,2024-10-05 12:46:14.237,90.0,40.431666666666665,353.6,30.81879677154745,26.89510137626468,3.923695395282781
manila,2024-10-05 11:46:16.741,88.0,44.735,385.3,30.29999357390372,26.92530390332032,3.374689670583397
manila,2024-10-05 10:46:04.604,80.0,42.181666666666665,395.8,28.98569454151521,25.996637509822445,2.98905703169277
manila,2024-10-05 09:46:00.800,61.0,26.401666666666664,262.5,25.62340238340232,23.895133571022328,1.7282688123799943
manila,2024-10-05 08:46:05.723,47.0,11.481666666666666,119.6,23.38492003384753,22.12397861859605,1.2609414152514766
manila,2024-10-05 07:46:30.000,38.0,7.368333333333334,71.7,21.782308846095304,20.30461947116216,1.477689374933142
manila,2024-10-05 06:46:30.000,29.0,3.9233333333333333,35.4,20.12488877141888,18.74039427908556,1.3844944923333244
manila,2024-10-05 05:46:30.001,21.0,2.79,18.4,18.659002229829333,17.58237017395474,1.076632055874594
manila,2024-10-05 04:46:30.000,12.0,1.6166666666666667,12.2,17.152010648538212,16.528454700253302,0.6235559482849098
manila,2024-10-05 03:31:30.001,9.0,0.84,5.9,17.003777064565615,16.318113391966186,0.6856636725994285
manila,2024-10-05 02:01:30.000,11.0,1.0566666666666666,5.3,17.71332130769707,17.198410334616202,0.5149109730808661
manila,2024-10-05 01:01:30.126,18.0,1.5816666666666668,8.4,19.039893693836888,17.88136674925201,1.158526944584878
manila,2024-10-05 00:01:30.000,33.0,3.935,26.0,21.62561886274104,20.15368210923709,1.4719367535039505
manila,2024-10-04 23:01:00.000,55.0,10.791666666666666,84.1,25.46446075447133,22.83344802558894,2.631012728882393
manila,2024-10-04 22:01:00.000,67.0,13.776666666666667,116.1,27.38382117054912,25.10349712683322,2.2803240437159005
manila,2024-10-04 21:01:00.000,78.0,20.81833333333333,185.0,29.298158013090067,26.837724250136947,2.4604337629531194
manila,2024-10-04 20:00:55.667,100.0,35.37,302.6,33.332940062051975,30.18072710394597,3.1522129581060057
manila,2024-10-04 19:00:40.719,136.0,66.735,563.5,39.47900291197311,34.279527148421295,5.199475763551817
manila,2024-10-04 18:30:22.059,145.0,90.65833333333333,732.8,40.92500736980665,35.17431056682212,5.750696802984528
manila,2024-10-04 17:45:46.375,137.0,91.71333333333334,723.0,39.73279010496414,34.95949260206915,4.773297502894991
manila,2024-10-04 16:46:14.897,129.0,82.435,644.4,38.44969663321336,33.40631009213583,5.043386541077524
manila,2024-10-04 15:46:00.000,124.0,75.78333333333333,589.3,37.350819592614656,31.474160448538434,5.876659144076221
manila,2024-10-04 14:46:00.000,123.0,78.68833333333333,617.6,37.18010117639254,30.03954030938255,7.140560867009992
manila,2024-10-04 13:46:00.000,108.0,61.76166666666666,507.0,34.19580269596857,27.75755671899529,6.438245976973281
manila,2024-10-04 12:01:00.000,92.0,48.723333333333336,416.9,32.00797714709812,28.04127527505276,3.966701872045359
manila,2024-10-04 11:16:00.000,92.0,50.47666666666667,456.4,31.58009792651207,27.874333603669182,3.705764322842885
manila,2024-10-04 10:46:00.001,90.0,50.2,458.9,31.16241412401257,27.5607743251147,3.601639798897871
manila,2024-10-04 09:01:01.192,82.0,32.285,300.3,29.9233358625833,26.347917878405816,3.575417984177484
manila,2024-10-04 08:01:00.000,91.0,35.69166666666667,319.6,31.96714754003135,27.01614013808632,4.951007401945034
manila,2024-10-04 07:46:00.000,89.0,38.04333333333333,329.4,31.54966245726316,26.62321203886107,4.926450418402084
manila,2024-10-04 06:46:30.000,64.0,22.075,193.3,26.847225963569528,23.65525725805829,3.191968705511236
manila,2024-10-04 05:46:30.000,34.0,6.1033333333333335,55.6,21.07259133117255,19.48830256771244,1.584288763460112
manila,2024-10-04 04:46:30.000,11.0,1.18,8.3,17.016863146910254,16.616312766930868,0.4005503799793857
manila,2024-10-04 03:01:30.000,6.0,0.98,12.8,16.686813127852574,16.18781924858766,0.498993879264912
manila,2024-10-04 02:01:30.000,7.0,1.2016666666666667,7.9,17.02823504851924,16.6098251304587,0.41840991806054
manila,2024-10-04 01:01:30.000,12.0,1.4866666666666668,11.7,18.16247414312784,17.38820479978483,0.7742693433430112
manila,2024-10-04 00:01:30.000,20.0,2.195,14.2,19.62337614103238,18.91546817900313,0.7079079620292461
manila,2024-10-03 23:01:00.001,35.0,3.481666666666667,29.3,22.25202242058193,21.182436614852783,1.069585805729151
manila,2024-10-03 22:01:00.001,50.0,6.9350000000000005,59.5,25.08747711399351,23.93648209067939,1.1509950233141204
manila,2024-10-03 21:01:00.001,66.0,12.703333333333335,117.0,27.546155862364813,25.80265052902584,1.7435053333389805
manila,2024-10-03 20:01:30.000,90.0,25.92,238.2,31.75761242666733,28.86706925928404,2.8905431673832886
manila,2024-10-03 19:00:40.679,127.0,53.138333333333335,480.1,38.12609380903565,33.29315952668549,4.832934282350159
manila,2024-10-03 18:15:33.534,133.0,78.37166666666667,690.0,39.21796168170313,34.43005603033555,4.787905651367581
manila,2024-10-03 17:46:12.144,126.0,77.03833333333334,648.6,38.14344346798737,33.87442239407917,4.269021073908199
manila,2024-10-03 16:46:04.801,118.0,65.63333333333334,569.0,36.53771687020282,31.69848860133183,4.83922826887099
manila,2024-10-03 15:46:04.611,106.0,63.348333333333336,552.0,34.44941626998218,29.899101438163225,4.550314831818955
manila,2024-10-03 14:46:00.000,90.0,50.445,445.5,31.725748444763163,28.962951989208303,2.7627964555548594
manila,2024-10-03 13:46:00.001,77.0,36.961666666666666,325.5,29.6061821926178,27.530453457568235,2.075728735049566
manila,2024-10-03 12:01:00.000,85.0,46.72833333333333,379.2,30.575308404138667,27.52104434660387,3.054264057534798
manila,2024-10-03 11:01:00.000,89.0,45.67333333333333,418.5,31.12978045177755,28.162708280529763,2.9670721712477857
manila,2024-10-03 10:46:00.000,89.0,45.776666666666664,410.1,31.28061668474544,28.205154214612925,3.075462470132514
manila,2024-10-03 09:01:01.536,95.0,36.513333333333335,333.5,32.3784442219666,28.611131391819367,3.7673128301472367
manila,2024-10-03 08:01:00.000,105.0,48.651666666666664,412.5,34.36114172986231,29.137308433150373,5.223833296711938
manila,2024-10-03 07:46:01.983,102.0,48.919999999999995,394.8,33.787649109637215,28.683979639955275,5.10366946968194
manila,2024-10-03 06:46:30.000,76.0,33.655,279.3,28.920941915778144,24.935252764102064,3.98568915167608
manila,2024-10-03 05:46:30.001,38.0,7.791666666666667,70.8,21.73010741524635,20.01240377641659,1.7177036388297608
manila,2024-10-03 04:46:30.000,11.0,0.81,6.3,17.008293280124363,16.68662234840098,0.3216709317233821
manila,2024-10-03 03:46:30.000,6.0,0.5616666666666668,5.6,16.14760083275982,15.655901580408605,0.4916992523512178
manila,2024-10-03 02:01:30.001,7.0,1.1683333333333332,8.9,17.072503720968278,16.497215576008763,0.5752881449595151
manila,2024-10-03 01:01:30.000,12.0,1.2583333333333333,6.4,18.03287062076681,17.106566451663248,0.9263041691035668
manila,2024-10-03 00:01:00.001,20.0,2.0033333333333334,14.5,19.58155345835365,18.68793278992894,0.8936206684247097
manila,2024-10-02 23:01:00.000,37.0,4.343333333333334,33.0,22.353010320544143,20.75665870992713,1.5963516106170097
manila,2024-10-02 22:01:00.000,50.0,6.62,55.9,24.99761780132559,23.80949318192293,1.1881246194026571
manila,2024-10-02 21:01:00.000,67.0,12.348333333333333,118.2,27.882872094168988,25.9966632128586,1.886208881310388
manila,2024-10-02 20:01:01.869,91.0,25.473333333333336,225.6,32.0603881077736,29.199088963917657,2.861299143855941
manila,2024-10-02 19:01:09.001,126.0,58.485,492.8,38.117836492148285,33.534944169584335,4.58289232256395
manila,2024-10-02 18:30:31.238,134.0,80.045,659.0,39.31418029851972,34.363426398587315,4.950753899932401
manila,2024-10-02 17:46:08.148,124.0,79.16833333333334,660.5,37.67423674273663,33.98436391171666,3.6898728310199616
manila,2024-10-02 16:46:02.021,107.0,59.70166666666667,527.9,34.844614412901954,31.94348345526159,2.901130957640365
manila,2024-10-02 15:46:02.252,94.0,50.12,445.6,32.507341597619174,30.138840985207267,2.368500612411907
manila,2024-10-02 14:46:00.000,87.0,45.215,390.4,31.04508939378954,28.78132090028491,2.263768493504628
manila,2024-10-02 13:46:00.000,78.0,37.43333333333333,329.2,29.64234615082324,27.62646475165392,2.0158813991693165
manila,2024-10-02 12:01:00.001,87.0,49.541666666666664,426.1,30.89194840616761,27.66166221504062,3.230286191126993
manila,2024-10-02 11:01:00.000,94.0,48.35,441.9,32.293986093292226,28.597801694984213,3.696184398308013
manila,2024-10-02 10:46:00.000,93.0,46.818333333333335,418.5,32.143069450331666,28.586416606044725,3.5566528442869405
manila,2024-10-02 09:01:00.000,99.0,39.608333333333334,336.5,33.09505184459255,29.14236772462065,3.952684119971892
manila,2024-10-02 08:01:00.000,110.0,49.22166666666667,406.5,35.305470285011125,29.57870489626074,5.726765388750387
manila,2024-10-02 07:46:02.643,107.0,52.875,423.0,34.82917399270329,29.122313801131583,5.706860191571707
manila,2024-10-02 06:46:30.000,77.0,36.013333333333335,305.2,29.230303016746426,25.162806595101625,4.067496421644801
manila,2024-10-02 05:46:30.001,38.0,7.421666666666667,66.0,21.70019894132559,20.119023196995155,1.5811757443304335
manila,2024-10-02 04:46:30.000,10.0,0.4666666666666667,6.0,16.948232878291478,16.72246209907609,0.225770779215388
manila,2024-10-02 03:01:30.000,5.0,0.4683333333333334,2.9,16.35658633435608,15.907848746301262,0.4487375880548185
manila,2024-10-02 02:01:30.000,7.0,0.785,2.4,17.16226041872306,16.605473634806525,0.5567867839165359
manila,2024-10-02 01:01:30.000,11.0,1.2233333333333334,10.5,17.941261896637318,16.996939226615353,0.9443226700219648
manila,2024-10-02 00:01:30.000,19.0,1.9783333333333333,13.9,19.6150644397182,18.574196686553005,1.040867753165191
manila,2024-10-01 23:01:30.000,31.0,2.378333333333333,20.0,21.644301916065185,20.608325343368563,1.0359765726966224
manila,2024-10-01 22:01:30.000,45.0,4.886666666666667,44.1,24.092373886093647,23.331023744170523,0.7613501419231241
manila,2024-10-01 21:01:00.000,64.0,12.003333333333334,103.7,27.38284216656872,25.891227929521182,1.491614237047532
manila,2024-10-01 20:01:00.000,89.0,25.259999999999998,225.5,31.59650905369698,29.43886990141707,2.157639152279909
manila,2024-10-01 19:01:14.678,122.0,57.44666666666667,479.4,37.24957979705791,33.853463514919135,3.3961162821387774
manila,2024-10-01 18:31:13.331,127.0,76.9,631.7,38.17473215930113,34.752338555511805,3.422393603789324
manila,2024-10-01 17:45:53.238,118.0,75.76333333333334,643.6,36.71192190806429,34.280340169468914,2.4315817385953764
manila,2024-10-01 16:46:00.000,103.0,58.18833333333334,514.2,34.16449887294497,31.72720654134466,2.4372923316003074
manila,2024-10-01 15:46:00.001,91.0,52.461666666666666,443.8,31.88969611250213,29.824424174132,2.0652719383701275
